key,valeur,
site_name,Ad House Admin Panel,
sidebar_label,Ad House Admin Panel,
slogan,Le journal est un plus grand trésor du peuple que des millions innombrables d'or,
title_bar_seperator,|,
hello,salut! Je suis de fichier de langue,
added_date,Date,
upload_point_label,Télécharger point,
success_item_report,Rapport article a été ajouté avec succès,
profile_img,Photo de profil,
signin,Se connecter,
check_for_detail,Vérifiez pour plus de détails!,
success_delete,supprimé avec succès,
success_save_contact,Merci de nous avoir contacté. Nous atteindrons de nouveau à vous bientôt.,
success_contact_delete,Contact Message a été supprimé,
btn_search,Chercher,
btn_add_new,Ajouter un nouveau,
btn_edit,Éditer,
btn_save,sauvegarder,
btn_save_gallery,Enregistrer et Galerie,
btn_cancel,Annuler,
btn_yes,Oui,
btn_delete,Effacer,
btn_publish,Publier,
btn_replace_photo,remplacer photo,
btn_replace_icon,remplacer Icône,
back_button,Arrière,
lbl_view,Vue,
chat_history_save_success,Historique des conversations a été ajouté avec succès,
chat_history_update_success,Historique des conversations a été mis à jour,
btn_version,Version,
ver_info,Information sur la version,
ver_no_label,version Non,
ver_msg_label,version message,
ver_title_label,version Titre,
ver_force_update,Version mise à jour de travail?,
ver_need_data,Version Besoin Effacer les données?,
success_version_add,Version a été ajouté avec succès,
success_version_edit,Version a été mis à jour avec succès,
dashboard,Tableau de bord,
no,Non,
del_cover_photo,Supprimer Photo de couverture,
youtube_url,Youtube URL,
del_icon_label,Supprimer l'icône,
del_icon_confirm,Etes-vous sûr de vouloir supprimer l'icône?,
success_upload,L'image a été téléchargé avec succès,
success_img_delete,L'image a été supprimé,
error_login,Email et mot de passe ne correspondent pas,
err_access,Désolé vous n'avez pas accès à prendre cette mesure,
err_model,erreur de base de données est survenue,
err_sys,Erreur système est survenue,
err_upload,Télécharger erreur est survenue,
wrn_no_data,Il n'y a pas encore de données,
del_cover_photo_confirm,Etes-vous sûr de vouloir supprimer la photo?,
upload_photo,Envoyer la photo,
no_record,Plus d'enregistrement,
invalid_api_key,API clé est invalide,
invalid_user_id,Identifiant invalide,
invalid_item_id,Code incorrect de l'article,
role,Rôle,
user_name,Nom d'utilisateur,
user_email,Email,
user_password,Mot de passe,
conf_password,Confirmez le mot de passe,
user_phone,Téléphone,
allowed_modules,Modules autorisés,
user_ban,Interdire,
user_unban,unban,
user_info,informations de l'utilisateur,
user_list,Liste des utilisateurs,
user_add,Ajouter un nouvel utilisateur,
user_edit,Modifier l'utilisateur,
user_search,Recherche utilisateur,
err_dup_email,Adresse e-mail est déjà existé dans le système,
err_dup_name,Le nom est déjà existé dans le système,
err_user_name_blank,S'il vous plaît fournir le nom d'utilisateur,
err_user_name_len,La longueur du nom d'utilisateur doit être supérieure à 4,
err_user_email_blank,S'il vous plaît fournir l'adresse e-mail,
err_user_email_invalid,S'il vous plaît fournir l'adresse e-mail valide,
err_user_email_exist,Adresse e-mail est déjà existé dans le système,
err_user_pass_blank,S'il vous plaît fournir le mot de passe,
err_user_pass_len,La longueur du mot de passe doit être supérieur à 4,
err_user_pass_conf_blank,S'il vous plaît fournir le mot de passe de confirmation,
err_user_pass_conf_not_match,Mot de passe et confirmez le mot de passe ne correspondent pas,
err_permission_blank,S'il vous plaît sélectionner les modules sont en mesure d'accéder,
success_user_add,L'utilisateur a été ajouté avec succès,
success_user_edit,L'utilisateur a été mis à jour avec succès,
err_user_banned,"Désolé, vous ne pouvez pas vous connecter parce que votre compte est interdit.",
cat_info,Informations Catégorie,
cat_name,Nom de catégorie,
cat_ordering,catégorie Ordre,
cat_img,Catégorie Photo de couverture,
cat_icon,Icône de catégorie,
cat_search,Rechercher Catégorie,
cat_select,Sélectionnez Nom de la catégorie,
cat_add,ajouter une catégorie,
cat_edit,Modifier la catégorie,
success_cat_edit,Catégorie a été mis à jour avec succès,
success_cat_add,Catégorie a été ajouté avec succès,
success_cat_delete,Catégorie a été supprimé,
err_cat_name,S'il vous plaît fournir le nom de la catégorie,
err_cat_len,La longueur de la catégorie Le nom doit être supérieure à 4,
err_cat_exist,Nom de la catégorie est déjà existé dans le système,
delete_cat_label,Supprimer la catégorie?,
cat_delete_confirm_message,Voulez-vous supprimer tous les fonds d'écran sous cette catégorie ensemble?,
cat_yes_all_message,Oui Tous - Catégorie et articles effacera du système.,
cat_no_only_message,Seule la catégorie - Seule la catégorie supprimera du système.,
cat_yes_all_label,Oui tout,
cat_no_only_label,seule la catégorie,
over_name,Surplombant Nom,
over_search,Recherche Surplombant,
over_add,Ajouter Surplombant,
over_info,Donnant sur l'information,
over_edit,Modifier Donnant,
delete_over_label,Supprimer Donnant?,
over_delete_confirm_message,Voulez-vous supprimer les overlookings?,
over_yes_all_message,Oui Tout - Surplombant effacera du système.,
success_over_edit,Surplombant a été mis à jour avec succès,
success_over_add,Surplombant a été ajouté avec succès,
success_over_delete,Surplombant a été supprimé,
err_over_name,S'il vous plaît fournir le nom donnant sur,
err_over_len,La longueur de Surplombant Nom doit être supérieure à 4,
err_over_exist,Surplombant nom est déjà existé dans le système,
delete_contact_label,Supprimer un contact message?,
contact_delete_confirm_message,Voulez-vous supprimer le message de contact?,
detail_contact_label,Contact Message Détail,
contact_info_label,Coordonnées message,
about_contact_label,A propos de Contact Message,
contact_info_label,Coordonnées Détail,
contact_name,nom de contacte d'une personne,
contact_email,Contact Email,
contact_phone,Contact Téléphone,
btn_reset,Réinitialiser,
reset_password,réinitialiser le mot de passe,
contact_receive_message,Vous avez reçu un nouveau message de contact nous.,
nav_profile,Aller au profil,
nav_backend,Aller à Backend,
nav_logout,Se déconnecter,
total_label,Total :,
device_label,Dispositif,
devices_label,Dispositifs,
registered_label,a été enregistré pour Push NOTIFICATI,
noti_info,Notification push,
noti_message_label,Message,
noti_message_tooltips,S'il vous plaît fournir le messsage de notification push.,
noti_send_btn,Envoyer une notification Push,
sorry_no_device,"Désolé, il n'y a pas de périphérique enregistré pour la notification Push.",
select_cat,Choisir une catégorie,
success_noti_add,La notification a été ajouté avec succès,
success_noti_delete,La notification a été supprimé,
delete_noti_label,Supprimer la notification?,
noti_yes_message,La notification oui- supprimera du système.,
push_message,message Push,
noti_des_label,La description,
noti_img,notification photo,
noti_search,Recherche Noti,
select_cat,Choisir une catégorie,
noti_add,Ajouter Noti,
app_info_lable,A propos de l'information,
about_title_label,A propos de Titre,
description_label,description À propos,
about_email_label,A propos Email,
about_phone_label,A propos du téléphone,
about_website_label,À propos du site Lien,
about_seo_section,Informations SEO,
about_seo_title_label,Titre SEO,
about_seo_desc_label,description de SEO,
about_seo_keywords_label,Mots-clés SEO,
about_social_section,Informations sociales,
about_facebook_label,Facebook,
about_gplus_label,Google+,
about_instagram_label,Instagram,
about_youtube_label,Youtube,
about_pinterest_label,Pinterest,
about_twitter_label,Twitter,
about_color_section,À propos du site Thème Couleur,
about_theme,Thèmes disponibles,
success_about_edit,À propos est mis à jour avec succès,
about_ads_analyt,Google Analytics et annonces Réglage,
about_ads_client,annonces client,
about_ads_slot,annonces Logement,
about_analyt_track_id,Analytique Track ID,
about_ads_on,Activer Google Adsense,
about_analyt_on,Activer Google Analytics,
gdpr_label,contenu GDPR,
safety_tips_label,Conseils de sécurité,
about_nav_icon,Icône de navigation,
about_fav_icon,Icône fav,
about_backend_icon,pour Backend,
total_users_count_label,Utilisateurs enregistrés,
total_cat_count_label,total des catégories,
total_wallpaper_count_label,publier Fonds d'écran,
total_contact_label,Contact Message total,
total_likes_count_label,Total des aime Count,
total_favs_count_label,Total des favoris Nombre,
total_comments_count_label,Total des commentaires Nombre,
category_panel_title,Catégories récentes,
recent_news_panel_title,Nouvelles récentes,
available_inside,Nouvelles disponibles dans cette catégorie.,
contact_message,Messages de contact,
recent_news_panel_title,Nouvelles récentes,
user_latest_members,Les derniers utilisateurs enregistrés,
success_contact,Votre message enregistrer avec succès dans le système.,
file_na,Indisponible,
required_platform,Plate-forme requise,
err_noti_register,"Désolé, il y a le problème pour Push Enregistrement de notification",
success_noti_register,Votre appareil a enregistré avec succès pour la notification Push.,
success_noti_unregister,Votre appareil désinscrit avec succès pour la notification Push.,
err_noti_unregister,"Désolé, il y a le problème pour Push notification désinscription",
success_touch_count,Nombre toucher avec succès Inséré.,
err_touch_count,Problème In Touch Count!,
err_user_register,"Désolé, il y a le problème pour l'enregistrement des utilisateurs.",
err_user_not_exist,"Désolé, l'utilisateur est existe pas dans le système.",
err_user_not_verify,"Désolé, votre compte ne vérifie encore.",
err_email_not_send,"Désolé, il y a problème dans l'envoi d'e-mail.",
err_user_update,"Désolé, il y a problème dans les informations utilisateur de mise à jour.",
err_user_password_update,"Désolé, il y a problème dans le mot de passe de l'utilisateur de mise à jour.",
success_profile_update,Votre profil mis à jour.,
success_email_sent,Le courrier électronique est envoyé avec succès.,
success_reset,Mot de passe a été réinitialisé avec succès,
success_reset_email_sent,Réinitialiser E-mail est envoyé avec succès,
trending,Nouvelles Trending,
editor_pick,Editeur Picked Nouvelles,
project_name,Type de projet Nom,
project_search,Rechercher Type de projet,
att_add,Ajouter un nouvel attribut,
add_att_detail,Ajouter un nouvel attribut Détail,
list_attribute_header,Liste d'attributs en-tête,
wrn_no_data,Il n'y a pas encore de données,
project_add,Ajouter Type de projet,
att_name,Nom d'attribut,
Prd_search_subcat,Sélectionnez Nom Sous-catégorie,
Prd_search_dis,Sélectionner le type Discount,
project_info,Type de projet d'information,
project_edit,Modifier le type de projet,
delete_project_label,Supprimer Type de projet?,
att_info,Informations Attribute,
project_delete_confirm_message,Voulez-vous supprimer les types de projets?,
project_yes_all_message,Oui Tout - Type de projet va supprimer du système.,
success_project_edit,Type de projet a été mis à jour avec succès,
success_project_add,Type de projet a été ajouté avec succès,
success_project_delete,Type de projet a été supprimé,
err_project_name,S'il vous plaît fournir le nom du type de projet,
success_upload,L'image a été mis à jour avec succès,
err_project_len,La longueur du type Nom du projet doit être supérieur à 4,
err_project_exist,Type de projet Nom est déjà existé dans le système,
item_description_label,La description,
deal_option_id_label,Option affaire,
meet_up_label,Se rencontrer,
mailing_or_delivery_label,Livraison postale ou,
brand_label,Marque,
price,Prix,
itm_title_label,Titre,
itm_business_mode,Shop est?,
itm_show_shop,(Si l'utilisateur peut commander émission plus d'un),
itm_is_sold_out,Est épuisé?,
location_info_label,Information de Lieu,
itm_address_label,Adresse,
itm_lat_label,Latitude,
itm_lng_label,Longitude,
itm_select_price,Sélectionner le type Prix,
itm_select_currency,Choisir de voitures,
status_label,Statut,
select_status_label,Sélectionnez État,
find_location_label,Entrez et trouver l'emplacement de l'API Google,
itm_select_deal_option,Sélectionnez l'option Traiter,
itm_steering_position,Position de direction,
itm_no_of_owner,Pas de propriétaire,
itm_trim_name_label,garniture Nom,
itm_vehicle_id_label,ID du véhicule,
itm_mileage_label,Kilométrage,
itm_select_fuel,Sélectionnez les types de carburant,
itm_price_unit_label,Prix ​​à l'unité,
itm_max_passengers_label,Les passagers max,
itm_no_of_doors_label,Nombre de portes,
itm_select_build,Sélectionner le type de construction,
itm_select_seller_type,Sélectionner le type vendeur,
itm_select_color,Choisissez la couleur,
itm_licence_status,Est Statut de licence?,
plat_number_label,Numéro de la plaque,
engine_power_label,Puissance du moteur,
year_label,Année,
itm_select_transmission,Sélectionnez Nom Transmission,
price_type_label,Prix ​​type,
license_expiration_date_label,Licence date d'expiration,
other_info_lable,Autres,
confi_info_lable,Configuration,
performance_info_lable,Performance,
licence_info_lable,Licence,
price_info_lable,Prix,
api_info,Réglage API,
api_title,Réglage API,
api_title_tooltips,API Nom,
api_order_by,Commandé par,
btn_save,sauvegarder,
btn_cancel,Annuler,
success_api_edit,Mise à jour réussie,
about_gallery,Galerie,
wallpaper_edit,Modifier Fond d'écran,
categories_label,Catégories,
messages_label,messages,
categories_label,Catégories,
view_all_label,Voir tout,
divider_label,:,
wallpapers_label,Fonds d'écran,
users_label,Utilisateurs,
app_setting,Information sur l'appli de réglage,
apikey_info,Api Informations clés,
key_label,Clé,
success_apikey_edit,Api clé est mis à jour avec succès,
success_apikey_add,Api clé est ajouté avec succès,
earn_point_label,Gagnez point,
currency_symbol,Symbole de la monnaie,
currency_short_form,Formulaire monétaire court,
currency_add,Ajouter Monnaie,
success_currency_edit,Monnaie a été mis à jour avec succès,
success_currency_add,Monnaie a été ajouté avec succès,
success_currency_delete,Monnaie a été supprimé,
delete_currency_label,Monnaie Supprimer?,
currency_delete_confirm_message,Voulez-vous supprimer Monnaie?,
currency_search,Recherche Monnaie,
currency_edit,Modifier la devise,
err_currency_name,S'il vous plaît fournir le nom de la monnaie,
err_currency_len,"La longueur du nom, la devise doit être supérieure à 4",
err_currency_exist,Nom monnaie est déjà existé dans le système,
color_color,Couleur,
select_type,Sélectionner le genre,
from_point,Du point:,
to_point,Pointer :,
order_by,Commandé par :,
select_order,Sélectionner la commande,
push_noti_sending_title,Envoi Push Notification,
no_device_label,Il n'y a pas encore enregistré des appareils.,
delete_color_label,Supprimer la couleur?,
color_delete_confirm_message,Voulez-vous délier tous les fonds d'écran sous cette couleur supprimé?,
upload_icon,Icône de catégorie,
about_upload_icon,Télécharger Icône,
fav_upload_icon,Icône fav,
sidebar_upload_icon,backend Logo,
btn_upload,Télécharger,
not_enough_point,"Désolé, votre point ne suffit pas.",
view_count,Comtes Voir,
earn_point_label,point de gagné,
download_count,Télécharger Nombre,
rating_count,Note Nombre,
terms_label,Termes et conditions,
about_img,A propos Photo de couverture,
massupload_info,Mass Wallpaper Télécharger fichier CSV utilisant,
select_csv_file,Sélectionnez Fichier CSV,
something_wrong_upload,quelque chose de mal dans vos données téléchargées.,
pls_upload_csv,S'il vous plaît télécharger le fichier CSV.,
sample_csv_format,CSV échantillon est ici: https://www.dropbox.com/s/oheyivxfgdlk129/sample.csv?dl=0,
csv_upload_instruction,"S'il vous plaît suivre ces étapes à ci-dessous: <br>
1. Télécharger des images aux uploads manuellement le dossier via FTP. <br>
2. Télécharger le dossier images miniatures pour uploads / miniature manully via FTP. <br>
3. Préparez ensuite comme format CSV. Exemple ici: http://bit.ly/2UvCjRp <br>
4. La nécessité de suivre ces règles. Ici: http://bit.ly/2T1Tjgp <br>
5. Vous pouvez utiliser Google pour créer feuille et d'exportation comme séparateur par des virgules. <br>
6. recommandée est d'environ 100 enregistrements à un CSV "";.",
noti_sent_fail,Échec d'envoyer une notification push,
noti_sent_success,Envoyé avec succès notification push à,
reject_message_1,Désolé! Fond d'écran Rejeté (,
reject_message_2,),
approve_message_1,Félicitation! Approuvé Wallpaper (,
approve_message_2,),
uploaded_user,utilisateur Fichier téléchargé,
select_multiple_images,S'il vous plaît sélectionner des images de fond d'écran multiples.,
multiple_images_message,"Note: Vos fonds d'écran seront les mêmes pour sauver Nom, catégorie, mode, couleur, type, Tag, Point, Publier, Recommander.",
multiple_wallpaper_title,"Fonds d'écran multiples Upload ""Mode, couleur, type, Tag, Point, Publier, Recommander.""",
delete_user_label,Supprimer un utilisateur enregistré?,
user_delete_confirm_message,Voulez-vous supprimer tous les utilisateurs enregistrés?,
user_yes_all_label,Oui tout,
user_no_only_label,seule la catégorie,
success_user_delete,L'utilisateur enregistré a été supprimé,
credit,Crédit,
price_info,Informations sur le prix,
price_name,Nom Prix,
price_edit,Modifier le prix,
price_add,Ajouter Prix,
price_search,Recherche Prix,
delete_price_label,Supprimer Prix?,
price_delete_confirm_message,Voulez-vous supprimer Prix?,
err_price_name,S'il vous plaît fournir le nom de prix,
err_price_len,La longueur du prix Le nom doit être supérieur à 4,
err_price_exist,Prix ​​nom est déjà existé dans le système,
success_price_edit,Prix ​​a été mis à jour avec succès,
success_price_add,Prix ​​a été ajouté avec succès,
success_price_delete,Prix ​​a été supprimé,
type_info,Point Information Type,
type_name,Type Nom,
type_edit,Modifier le type,
type_add,Ajouter un type,
type_search,Type de recherche,
delete_type_label,Effacer Type?,
type_delete_confirm_message,Voulez-vous supprimer Type?,
err_type_name,S'il vous plaît fournir le nom de type,
err_type_len,La longueur du type Le nom doit être supérieure à 4,
err_type_exist,Type Le nom est déjà existé dans le système,
success_type_edit,Type a été mis à jour avec succès,
success_type_add,Type a été ajouté avec succès,
success_type_delete,Type a été supprimé,
project_name,Type de projet Nom,
project_search,Rechercher Type de projet,
project_add,Ajouter Type de projet,
project_info,Type de projet d'information,
project_edit,Modifier le type de projet,
delete_project_label,Supprimer Type de projet?,
project_delete_confirm_message,Voulez-vous supprimer les types de projets?,
project_yes_all_message,Oui Tout - Type de projet va supprimer du système.,
success_project_edit,Type de projet a été mis à jour avec succès,
success_project_add,Type de projet a été ajouté avec succès,
success_project_delete,Type de projet a été supprimé,
err_project_name,S'il vous plaît fournir le nom du type de projet,
err_project_len,La longueur du type Nom du projet doit être supérieur à 4,
post_name,Publié par Nom,
post_search,Recherche Publié par,
post_add,Ajout Posté par,
post_info,Publié par l'information,
post_edit,Modifier Publié par,
delete_post_label,Supprimer Publié par?,
post_delete_confirm_message,Voulez-vous supprimer le posté par?,
post_yes_all_message,Oui Tout - Posté par effacera du système.,
success_post_edit,Publié par a été mis à jour avec succès,
success_post_add,Publié par a été ajouté avec succès,
success_post_delete,Publié par a été supprimé avec succès,
err_post_name,S'il vous plaît fournir le nom affiché,
err_post_exist,Posté par nom est déjà existé dans le système,
err_post_len,La longueur de Publié par nom doit être supérieur à 4,
available_name,Nom de la disponibilité,
available_search,Recherche Disponibilité,
available_add,Ajouter Disponibilité,
available_info,Informations Disponibilité,
available_edit,Modifier la disponibilité,
delete_available_label,Supprimer la disponibilité?,
available_delete_confirm_message,Voulez-vous supprimer la disponibilité?,
available_yes_all_message,Oui Tous - Disponibilité effacera du système.,
success_available_edit,Disponibilité a été mis à jour avec succès,
success_available_add,Disponibilité a été ajouté avec succès,
success_available_delete,Disponibilité a été supprimé,
err_available_name,S'il vous plaît fournir le nom de la disponibilité,
err_available_len,La longueur de la disponibilité Nom doit être supérieur à 4,
err_available_exist,Disponibilité Le nom est déjà existé dans le système,
ban_info,Accueil Information sur la Bannière,
ban_name,Bannière Nom de l'image,
ban_edit,Modifier Bannière,
ban_add,Ajouter Bannière,
ban_image,banner image,
ban_search,Recherche Bannière,
delete_ban_label,Supprimer Bannière?,
ban_delete_confirm_message,Voulez-vous supprimer Bannière Type?,
err_ban_name,S'il vous plaît fournir le nom de la bannière de la maison,
err_ban_len,La longueur de Home Nom bannière doit être supérieure à 4,
err_ban_exist,Bannière Le nom est déjà existé dans le système,
success_ban_edit,Accueil Banner a été mis à jour avec succès,
success_ban_add,Accueil Banner a été ajouté avec succès,
success_ban_delete,Accueil Banner a été supprimé,
location_info,Point Information sur le lieu,
location_name,Nom de la localisation,
location_edit,Modifier l'emplacement,
location_add,Ajouter un emplacement,
location_search,Rechercher Lieu,
delete_location_label,Suppression de l'emplacement?,
location_delete_confirm_message,Voulez-vous supprimer Lieu?,
err_location_name,S'il vous plaît fournir le nom du lieu,
err_location_len,La longueur de l'emplacement Nom doit être supérieure à 4,
err_location_exist,Emplacement Le nom est déjà existé dans le système,
success_location_edit,Emplacement a été mis à jour avec succès,
success_location_add,Lieu a été ajouté avec succès,
success_location_delete,Lieu a été supprimé,
blog_add,Ajouter Blog,
blog_info,Informations blog,
blog_name,Nom du blog,
blog_desc,description du blog,
blog_edit,Modifier les blogs,
success_blog_add,Blogs a été ajouté avec succès,
success_blog_edit,Les blogs ont été mis à jour avec succès,
err_dup_name,Le nom est déjà existé dans le système,
err_blog_exist,Nom du blog est déjà existé dans le système,
delete_blog_label,Supprimer Blog?,
blog_delete_confirm_message,Etes-vous sûr de supprimer ce blog?,
success_blog_delete,Blogs a été supprimé,
err_blog_len,La longueur du nom de blog doit être supérieur à 4,
err_blog_name,S'il vous plaît fournir le nom du blog,
blog_search,Blog Recherche,
blog_gallery,Blog Galerie,
btn_disable,Désactiver,
report_edit,Modifier le rapport de l'article,
total_category_count_label,total des catégories,
total_sub_cat_count_label,total des sous-catégories,
total_blog_count_label,total des blogs,
total_contact_count_label,Contact Message total,
popular_item,Les plus populaires Article,
item_report,Point signalé,
items_label,Articles récemment ajoutés,
item_img,article image,
popular_item_info,Informations populaire article,
popular_item_view,Voir l'article populaire,
app_setting_lable,Information sur l'appli de réglage,
app_lat_label,Latitude,
app_lng_label,Longitude,
location_info_label,Information de Lieu,
err_chat_history_not_exist,Aucun enregistrement trouvé dans l'historique des chats,
accept_update_success,Accepter l'offre a été mis à jour avec succès,
err_accept_update,"Désolé, il y a un problème dans accepter l'offre",
count_update_success,Réinitialiser le compteur a été mis à jour avec succès,
err_count_update,"Désolé, il y a un problème du nombre reset",
price_update_success,Prix ​​a été mis à jour avec succès,
err_price_update,"Désolé, il y a un problème dans le prix",
err_accept_offer,"Désolé, vous ne pouviez pas accepter l'offre à nouveau.",
overall_rating,Évaluation,
user_is_verify_do_forgot_password,Votre compte est vérifié si s'il vous plaît faire le mot de passe oublié.,
user_view,utilisateur,
user_address,Adresse,
user_city,Ville,
about_me,À propos de moi,
verify_type,vérifier type,
follower_count,Suiveur Count,
following_count,Suite à Count,
user_profile,Photo de profil,
email_verify,mail Vérifiez,
facebook_verify,Facebook Vérifier,
google_verify,Google Vérifier,
phone_verify,téléphone Vérifier,
condition_name,Nom Condition,
cond_search,Condition de recherche,
condition_add,Ajouter une condition,
condition_info,Point information Condition,
cond_edit,Modifier une condition,
delete_condition_label,Supprimer Condition?,
condition_delete_confirm_message,Voulez-vous supprimer les conditions?,
condition_yes_all_message,Oui Tous - État et articles supprimera du système.,
success_condition_edit,Condition a été mis à jour avec succès,
success_condition_add,Condition a été ajouté avec succès,
success_condition_delete,Condition a été supprimé,
err_condition_name,S'il vous plaît fournir le nom de l'état,
err_condition_len,La longueur du nom Condition doit être supérieure à 4,
err_condition_exist,Condition nom est déjà existé dans le système,
cat_module,Catégories,
overlooking_module,qui donne sur,
contact_module,Contactez-nous un message,
sys_user_module,Les utilisateurs du système,
register_user_module,Utilisateurs enregistrés,
about_module,À propos de l'application,
push_noti_module,Notification push,
analytics_module,Analytique,
export_db_module,Base de données d'exportation,
app_setting_module,Réglage APP,
property_module,Propriété,
popular_property_module,Les plus populaires Propriété,
projecttype_module,Types de projets,
postedby_module,Posté par,
apikey_module,api clés,
apis_module,Réglage API,
availability_module,Disponibilité,
rating_module,La plupart des utilisateurs Note,
sellertype_module,type de vendeur,
transmissions_module,transmissions,
banners_module,Bannière,
item_conditions_module,État,
version_module,Version de l'application,
item_currency_module,Devise,
item_price_module,Prix,
item_type_module,Type,
blog_module,Blog,
item_reports_module,propriété signalé,
app_setting_module,Réglage App,
location_module,Emplacement,
language_module,langues,
lang_name,Nom de la langue,
btn_active,actif,
lang_string,langue Chaîne,
lang_add,Ajouter une langue,
lang_info,langue d'information,
lang_symbol,symbole,
lang_search,Recherche Langue,
lang_edit,Modifier la langue,
success_lang_edit,La langue a été mis à jour avec succès,
success_lang_add,La langue a été ajouté avec succès,
success_lang_delete,La langue a été supprimé,
err_lang_name,S'il vous plaît fournir le nom de la langue,
err_lang_len,La longueur de la langue Nom doit être supérieur à 4,
err_lang_exist,Langue Le nom est déjà existé dans le système,
delete_lang_label,Supprimer la langue?,
lang_delete_confirm_message,Voulez-vous supprimer toute la chaîne sous cette ensemble linguistique?,
lang_yes_all_label,Oui tout,
lang_no_only_label,seulement Langue,
lang_yes_all_message,Oui Tous - Langue et articles supprimeront du système.,
language_id,Langue,
lang_string_key,Clé,
lang_string_value,Valeur,
lang_string_info,Langue Chaîne d'information,
select_language,Langue sélectionnée,
btn_import,Importation,
csv_symbol_link,fichier csv Exemple ici,
lang_str_search,Recherche Langue Chaîne,
success_langstr_import,Langue chaîne avec succès csv téléchargé,
lang_str_add,Ajouter une langue Chaîne,
lang_str_edit,Modifier la langue Chaîne,
lang_active,actif,
lang_deactive,Désactiver,
success_lang_str_edit,Langue Chaîne a été mis à jour avec succès,
success_lang_str_add,Langue chaîne a été ajouté avec succès,
err_lang_str_name,S'il vous plaît fournir le nom de la chaîne de langue,
err_lang_str_len,La longueur de la chaîne de langue doit être supérieure à 4,
err_lang_str_exist,Langue chaîne est déjà existé dans le système,
lang_title,Supprimé Langue?,
lang_warning,Vous ne pouvez pas supprimer la langue active.,
btn_ok,D'accord,
list_lang_label,langues,
list_lang_str_label,langue Cordes,
err_lang_symbol,S'il vous plaît donner le symbole langue,
entry_group,Entrée,
reports_group,Rapports,
user_mang_group,Gestion des utilisateurs,
miscellaneous_group,Divers,
setting_group,Réglage,
ple_sub_cat_name,S'il vous plaît Sous-catégorie Nom,
ple_highlight_info,S'il vous plaît mettez en surbrillance Information,
forget_pwd,Mot de passe oublié?,
remove_label,Retirer,
paid_item_module,Rapport sur la propriété sponsorisée,
his_info,Informations histoire,
start_date_label,Date de début,
end_date_label,Date de fin,
amount_label,Montant,
payment_method_label,Mode de paiement,
progress_label,Le progrès,
finished_label,Fini,
not_yet_start_label,Pas encore commencer,
today_label,Aujourd'hui,
backend_setting_module,Réglage backend,
backend_config_info_lable,Backend Informations de réglage,
sender_name_label,Nom de l'expéditeur,
receive_email_label,recevoir un courriel,
sender_email_label,Email Sender,
img_section,Section d'image,
fcm_api_key_label,clé fcm api,
backend_login_img,Backend Connexion Arrière-plan,
backend_logo,backend Logo,
backend_fav_icon,Backend Fav Ico,
upload_backend_logo,Télécharger Backend Logo,
upload_fav_icon,Télécharger Fav Icône,
upload_login_img,Télécharger Connexion photo,
transaction_module,Histoire Transactions,
history_search,Recherche de transactions Histoire,
trans_history_info,Information Transactions Histoire,
today_label,Aujourd'hui,
second_ago,secondes,
minute_ago,minutes,
hour_ago,heures,
day_ago,journées,
week_ago,semaines,
month_ago,mois,
year_ago,années,
decade_ago,décennies,
just_now_label,Juste maintenant,
ago_label,depuis,
user_acc_reg_label,Enregistrement d'un nouveau compte utilisateur,
user_register_success_but_email_not_send,le succès du registre utilisateur mais pas envoyer des e-mail,
pwd_reset_label,Réinitialisation du mot de passe,
hi_label,salut,
pwd_reset_link,S'il vous plaît cliquer sur le lien suivant pour réinitialiser votre mot de passe,
reset_link_label,réinitialiser le mot de passe,
best_regards_label,Meilleures salutations,
new_user_acc,Votre nouveau compte d'utilisateur a été créé. Bienvenue à Ad House. S'il vous plaît vérifier avec le code ci-dessous à votre compte actif.,
verify_code_label,code de vérification,
hi_admin_label,salut Administrateur,
name_label,Nom,
email_label,Email,
phone_label,Téléphone,
msg_label,Message,
verify_code_sent,Code de vérification a été envoyé.,
user_id_required,ID utilisateur est nécessaire.,
invalid_login_user_id,ID utilisateur est invalide.,
already_accept_user,L'utilisateur a été acceptée.,
sender_id_required,Sender ID est nécessaire,
success_delete,Supprimé avec succès.,
success_cat_request,Votre demande avec succès.,
err_cat_request,"Désolé, votre demande ne succès.",
err_chat_history_save,"Désolé, votre historique des chats pas en mesure de sauver.",
accept_reset_success,Votre demande de discussion avec succès.,
error_delete_chat_history,"Désolé, votre historique des chats ne peut pas supprimer.",
success_delete_chat_history,Votre histoire le chat supprimé avec succès.,
err_soldout_reset,"Désolé, vous ne pouvez pas reposer vendu.",
soldout_reset_success,Votre réinitialisation a été le succès.,
err_item_report,"Désolé, vous n'êtes pas en mesure de rapport de l'article.",
token_already_exist,"Désolé, dispositif de jeton existent déjà.",
err_in_noti_read,"Désolé, la notification ne peut pas lire.",
success_noti_send,La notification a été envoyé avec succès.,
error_noti_send,"Désolé, la notification ne peut pas envoyer.",
invalid_code,"Désolé, votre code est invalide.",
forget_pwd,Mot de passe oublié?,
remove_label,Retirer,
btn_no,Non,
ple_model_name,Modèle Nom s'il vous plaît,
err_paid_item_history,Votre annonce est pas fini encore il ne peut pas modifier.,
paid_config_module,Paramètre de paiement,
currency_symbol_label,Symbole monétaire (par exemple; $),
paypal_env_label,Paypal Environnement,
paypal_merchant_label,Paypal ID Merchant,
paypal_pub_label,Paypal clé publique,
paypal_pri_label,Paypal clé privée,
paypal_enabled_label,Paypal est activé?,
stripe_publishable_key,publiable clé,
stripe_secret_key,Clef secrète,
stripe_enable_label,Est-il activé paiement Stripe?,
stripe_label,[Option 2]: Paiement à rayures,
paypal_label,[Option 1]: Paiement avec Paypal activé,
day_label,journée,
paid_config_info_lable,A charge Informations de configuration,
paid_currrency_setting,Réglage Symbole monétaire,
paid_paypal_setting,Paypal Réglage,
paid_stripe_setting,Réglage Stripe,
overlooking_label,qui donne sur,
itm_select_overlooking,qui donne sur,
list_product_nav,Propriété,
prd_add,Ajouter une propriété,
att_add,Ajouter un nouvel attribut,
add_att_detail,Ajouter un nouvel attribut Détail,
list_attribute_header,Liste d'attributs en-tête,
wrn_no_data,Il n'y a pas encore de données,
item_name,Nom de la propriété,
att_name,Nom d'attribut,
Prd_search_cat,Sélectionnez Nom de la catégorie,
Prd_search_dis,Sélectionner le type Discount,
product_gallery,Galerie propriété,
prd_info,Informations sur la propriété,
rec_prd_info,Propriétés récemment ajoutés,
att_info,Informations Attribute,
prd_desc,description,
prd_high_info,Information Mettez en surbrillance la propriété,
prd_edit,Modifier la propriété,
prd_code,code de la propriété,
success_prd_add,La propriété a été ajouté avec succès,
success_prd_edit,La propriété a été mis à jour avec succès,
success_upload,L'image a été mis à jour avec succès,
delete_prd_label,Supprimer la propriété?,
prd_yes_all_message,"Lorsque supprimer cette propriété, il supprimera également toutes les sous-catégories connexes et catégorie. Alors, voulez-vous toujours supprimer",
success_prd_delete,La propriété a été supprimé,
prd_search,Recherche d'immeubles,
err_item_name,S'il vous plaît fournir le nom de la propriété,
err_item_len,La longueur du nom de la propriété doit être supérieure à 4,
err_item_exist,Nom de la propriété est déjà existé dans le système,
item_gallery,Galerie propriété,
condition_of_item,Condition de la propriété,
item_description_label,La description,
deal_option_id_label,Option affaire,
meet_up_label,Se rencontrer,
mailing_or_delivery_label,Livraison postale ou,
brand_label,Marque,
price,Prix,
itm_title_label,Titre,
itm_business_mode,Shop est?,
itm_show_shop,(Si l'utilisateur peut commander émission plus d'un),
itm_is_sold_out,Est épuisé?,
location_info_label,Information de Lieu,
itm_address_label,Adresse,
itm_lat_label,Latitude,
itm_lng_label,Longitude,
itm_select_price,Sélectionner le type Prix,
itm_select_type,Sélectionner le type de propriété,
itm_select_currency,Sélectionnez la propriété Monnaie,
status_label,Statut,
select_status_label,Sélectionnez État,
itm_select_location,Sélectionnez Emplacement,
find_location_label,Entrez et trouver l'emplacement de l'API Google,
itm_select_condition_of_item,Sélectionner l'état de la propriété,
itm_select_deal_option,Sélectionnez l'option Traiter,
configuration_info_label,Configuration,
price_info_label,Prix,
floor_number_label,Numéro d'étage,
facing_number_label,Orienté vers,
postedby_info_label,Posté par,
overlooking_label,qui donne sur,
property_status_label,Statut de la propriété,
others_label,Autres,
amenities_info_label,Agréments,
area_info_label,Région,
super_build_up_area_label,Super Construire Area Up,
build_up_area_label,Construire Area Up,
carpet_area_label,Surface au sol,
land_size_label,Dimensions du terrain,
rooms_label,Pièces,
bath_rooms_label,Chambres de bain,
rooms_confi_label,chambres Configuration,
price_unit_label,Prix ​​à l'unité,
price_note_label,Prix ​​note,
is_nagotiable_label,Est négociable?,
floor_level_label,Niveau du sol,
facing_label,Orienté vers,
itm_select_posted,Posté par,
itm_select_overlooking,qui donne sur,
property_age_label,Âge de la propriété,
currently_tenanted_label,actuellement Locataires,
itm_select_availabel,Disponibilité,
availabel_for_label,Disponible pour,
tenure_label,Mandat,
construction_status_label,Statut de construction,
possession_date_label,Possession,
itm_select_project,Type de projet,
property_owner_label,propriété propriété,
developer_label,Développeur,
furnishing_label,Ameublement,
flooring_label,Sol,
water_source_label,Source d'eau,
width_of_facing_road_label,Largeur de face route,
parking_label,Parking,
power_backup_label,alimentation de secours,
itm_is_lift,Est-Lift?,
itm_is_park,Park?,
itm_is_gymnasium,Gymnase Est,
itm_is_swimming_pool,Est-piscine?,
itm_is_security_personnel,Est la sécurité du personnel?,
itm_is_gas_pipeline,Est-ce gazoduc?,
itm_is_club_house,Club House est?,
itm_is_wheelchair_friendly,Est-ce fauteuil roulant?,
itm_is_pet_friendly,Est-ce Animaux?,
itm_is_maintenance_staff,Est-ce personnel d'entretien?,
item_property_module,les biens déclarés,
success_backend_edit,Backend réglage a été mis à jour avec succès,
smtp_section,Configuration SMTP,
smtp_host_label,hôte SMTP,
smtp_host_placeholder,par exemple: ssl: //smtp.hostmail.com,
smtp_port_label,SMTP Numéro de port,
smtp_enable,SMTP Activer?,
smtp_user_label,SMTP utilisateur,
smtp_pass_label,Mot de passe SMTP,
cannot_deactive,"Désolé, il ne peut pas désactiver.",
err_symbol_exist,symbole de la langue est déjà existé dans le système.,
success_paid_edit,configs payé a été mis à jour avec succès,
apple_verify,Apple Verify,
policy_info,Informations sur la politique de confidentialité,
content_label,Contenu,
privacy_policy_module,Politique de confidentialité,
success_policy_edit,La politique de confidentialité a été mise à jour avec succès,
success_policy_add,La politique de confidentialité a été ajoutée avec succès,
razor_label,[Option 3]: Paiement avec rasoir,
razor_key_label,Clé de rasoir,
razor_enabled_label,Le rasoir est-il activé?,
btn_promote,Promouvoir,
prd_paid_info,Article payé Information,
app_is_approval_enabled,« L'approbation système sur? (Si ce paramètre est « On » lorsque la mise à jour de l'utilisateur nouvel élément » il besoin d'approuver ou de rejeter de super-admin.) »,
approval_group,Approbation,
pending_items_module,Éléments en attente,
reject_items_module,Rejeter les éléments,
disable_items_module,Désactiver les éléments,
select_status,Sélectionnez Statut?,
pending_edit,Modifier l'élément en attente,
approve_message_1,Félicitations! Élément approuvé (,
approve_message_2,),
disable_message_1,Désolé! Désactiver l'élément (,
disable_message_2,),
reject_message_1,Désolé! Rejeter l'article (,
reject_message_2,),
reject_edit,Modifier les éléments de rejet,
disable_edit,Modifier les éléments désactivés,
noti_sent_fail,Impossible d'envoyer une notification push,
noti_sent_success,Envoi d'une notification push à,
success_app_setting_edit,Le paramètre d'application a été mis à jour avec succès,
module_group_lang,Réglage du nom du menu,
group_name,Nom du groupe de modules,
group_icon,Icône de groupe de modules,
group_lang_key,Clé de langue,
group_info,Informations sur le groupe de modules,
group_search,Groupe de modules de recherche,
group_add,Ajouter un groupe de modules,
success_group_edit,Le groupe de modules a été modifié avec succès,
success_group_add,Le groupe de modules a été ajouté avec succès,
group_edit,Modifier le groupe de modules,
success_group_delete,Le groupe de modules a été supprimé avec succès,
err_group_name,Veuillez fournir le groupe de modules,
err_group_len,La longueur du nom du groupe de modules doit être supérieure à 4,
err_group_exist,Le nom du groupe de modules existe déjà,
module_lang,Réglage du nom du sous-menu,
module_desc,La description,
module_ordering,Commande,
module_add,Ajouter un module,
module_info,Informations sur le module,
module_name,Nom du module,
is_show_on_menu,Est-ce que Show On Menu?,
module_lang_key,Clé de langue du module,
module_select_group,Sélectionnez le groupe de modules,
delete_module_label,Supprimer le module?,
module_delete_confirm_message,Voulez-vous vraiment supprimer ce module?,
delete_group_label,Supprimer le groupe de modules?,
group_delete_confirm_message,Voulez-vous vraiment supprimer ce groupe de modules?,
err_module_name,Veuillez fournir le nom du module,
err_module_len,La longueur du nom du module doit être supérieure à 4,
err_module_exist,Le nom du module existe déjà,
module_search,Nom du module de recherche,
success_module_edit,Le module a été mis à jour avec succès.,
success_module_add,Le module a été ajouté avec succès.,
module_edit,Modifier le module,
success_module_delete,Le module a été supprimé avec succès.,
approval_yes_all_message,Êtes-vous sûr de vouloir supprimer?,
err_user_phone_exist,Le téléphone utilisateur existe déjà.,
delete_system_user_label,Supprimer l'utilisateur système?,
system_user_delete_confirm_message,Voulez-vous vraiment supprimer cet utilisateur système?,
loc_ordering,Commande,
record_not_found,10001 ## Désolé enregistrement introuvable.,
no_record_pagination,10002 ## Désolé plus d'enregistrement dans le système.,
offline_paid_module,Demande d'articles sponsorisés hors ligne,
offline_paid_prd_info,Informations sur les articles payés hors ligne,
offline_paid_edit,Modifier l'article payé hors ligne,
offline_setting,Paramètres hors ligne,
offline_label,[Option 4]: Paiement hors ligne,
offline_message,Message,
offline_enabled_label,Est-il activé hors ligne?,
prd_paid_info,Informations sur les articles payés,
offline_info,Informations de paiement hors ligne,
offline_title_label,Titre du paiement hors ligne,
offline_description_label,Description du paiement hors ligne,
offline_icon,Icône de paiement hors ligne,
offline_search,Rechercher un paiement hors ligne,
offline_add,Ajouter un paiement hors ligne,
offline_edit,Modifier le paiement hors ligne,
success_offline_edit,Le paiement hors ligne a été mis à jour avec succès,
success_offline_add,Le paiement hors ligne a été ajouté avec succès,
success_offline_delete,Le paiement hors ligne a été supprimé avec succès,
err_offline_name,Veuillez indiquer le titre du paiement hors ligne,
err_offline_len,La longueur du titre de paiement hors ligne doit être supérieure à 4,
err_offline_exist,Le titre Offline Paymen existe déjà dans le système,
delete_offline_label,Supprimer le paiement hors ligne?,
offline_delete_confirm_message,Voulez-vous supprimer tous les paiements hors ligne?,
offline_yes_all_label,Oui,
offline_no_only_label,Annuler,
offline_payment,Paramètre de paiement hors ligne,
offline_paid_module,Demande d'articles sponsorisés hors ligne,
img_configuration,Configuration d'image,
land_width_label,Largeur du paysage,
potrait_height_label,Hauteur du portrait,
square_label,Hauteur carrée,
err_lat,S'il vous plaît fournir Latitude,
err_lng,S'il vous plaît fournir Longitude,
err_lat_lng,Votre Latitude et Longitude ne doivent pas être 0.0,
offline_yes_all_message,Voulez-vous supprimer tout le paiement en ligne?,
email_verification_enabled,« Envoyer la vérification Activé? (Si ce paramètre est « » lorsque le registre des utilisateurs en utilisant le courrier électronique,il envoie le code de vérification au courrier électronique de l'utilisateur enregistré.) »
user_auto_approved,Votre nouveau compte d'utilisateur a été créé. Bienvenue à Maisons annonces.,
user_not_able_delete,"Désolé, ce compte est le système de sorte qu'il ne peut pas désactiver.",
success_block,L'utilisateur a été bloqué avec succès.,
success_unblock,L'utilisateur a été débloquée avec succès.,
no_user_unblock,Impossible de débloquer l'utilisateur.,
unable_to_report,Impossible de signaler l'élément parce qu'il est votre propre article.,
success_logout,L'utilisateur a été avec succès fermeture de session.,
already_report,Vous avez déjà signalé à ce point.,
lat_invlaid,La latitude doit être compris entre -90 et 90 degrés inclus.,
lng_invlaid,Longitude doit être comprise entre -180 et 180 degrés inclus.,
paystack_setting,Réglage Paystack,
paystack_label,[Option 5]: Paiement avec Paystack,
paystack_key_label,Paystack clé,
paystack_enabled_label,Paystack est activé?,
purchase_add,Adicionar produto de aplicativo,
in_app_purchase_info,App Informations achetés,
app_purchase_product_id_label,In App Purchase Code produit,
purchase_description_label,La description,
purchase_type_label,Type,
err_purchase_description,S'il vous plaît fournir une description,
success_purchase_edit,App a été mis à jour Achetée avec succès.,
delete_purchase_label,Supprimer dans App Achetée?,
purchase_yes_all_message,Voulez-vous supprimer dans App,
success_purchase_delete,En application achetée a été supprimé avec succès.,
in_app_purchased_setting,App Réglage Acheté,
purchase_key_label,Vous pouvez effectuer le paiement avec en application achetée,
purchase_enabled_label,Est-achat activé?,
err_purchase_id,S'il vous plaît fournir achat Id.,
btn_duplicate,Dupliquer,
success_prd_duplicate_add,L'élément en double a été ajouté avec succès,
deeplink_section,Section des liens profonds,
dyn_link_key_label,Clé de lien dynamique,
dyn_link_url_label,URL de lien dynamique,
dyn_link_package_name_label,Nom du package de liaison dynamique,
dyn_link_domain_label,Domaine de liaison dynamique,
dyn_link_deep_url_label,URL de lien profond,
prd_dynamic_link_label,Lien dynamique du produit,
dyn_link_package_name_ios,Dynamique en liant le nom de package IOS,
dyn_link_ios_appstore_id,Dynamic Linking IOS Id AppStore,
property_by,Par propriété,
property_add,Ajouter une propriété par,
property_search,Recherche par propriété,
property_info,Information sur les biens,
property_name,Propriété par nom,
success_property_add,Propriété Par a été ajouté avec succès.,
success_property_edit,Propriété Par a été modifié avec succès.,
success_property_delete,Propriété Par a été supprimé.,
err_property_name,S'il vous plaît fournir la propriété par nom.,
err_property_len,La longueur du nom par la propriété doit être râpe à 4.,
err_property_exist,Propriété Par nom a été déjà existé.,
delete_property_label,Supprimer par la propriété?,
property_delete_confirm_message,Voulez-vous supprimer la propriété par?,
property_edit,Modifier la propriété par,
amenities,AgrémentsVoulez-vous supprimer l'équipement?,
amenity_name,Nom équipement,
amenity_add,Ajouter Équipement,
amenity_img,image équipement,
amenities_info_label,équipement Informations,
success_amenity_add,Équipement a été ajouté avec succès.,
success_amenity_edit,Équipement a été édité avec succès.,
delete_amenity_label,Supprimer Équipement?,
amenity_delete_confirm_message,Voulez-vous supprimer l'équipement?,
amenity_edit,Modifier Équipement,
amenity_search,Rechercher Équipement,
success_amenity_delete,Équipement a été supprimé.,
color,Couleur,
purchase_search,Recherche In App Purchase,
purchase_edit,Modifier In App Purchase,
item_property_name,Propriété par nom,
area_label,Surface,
configuration_label,Configuration,
itm_select_property,Sélectionnez Par propriété,
is_negotiable,Négociable,
itm_select_location_township,Sélectionnez la propriété du canton Localisation,
itm_select_location_city,Sélectionnez la propriété loction Ville,
itm_select_postedby,Sélectionnez la propriété Publié par,
Prd_search_location_township,Sélectionnez la propriété du canton Localisation,
data_delete_info,Suppression des données d'information politique,
success_data_deletion_add,Politique de suppression des données a été ajouté avec succès.,
success_data_deletion_edit,Politique de suppression des données a été mise à jour.,
data_deletion_module,Politique de données Suppression,
data_deletion_policy_url,Données Suppression URL Politique,
Data_deletions_policies,Politiques de suppression des données,
Privacy_policies,Les politiques de confidentialité,
privacy_policy_url,Politique de confidentialité URL,
total_property_count_label,Total Par propriété,
total_postedby_count_label,Total des Publié par,
propertyby_img,Propriété Par photo,
propertyby_icon,Propriété Par Icône,
floor_label,Non étage,
owner_name,Le nom du propriétaire,
owner_of_item,Propriétaire de l'article,
payment_status,Statut de paiement,
waiting_for_payment_label,En attente d'approbation,
paid_label,Payé,
paid_reject_label,Rejeter,
select_payment_status_label,Sélectionnez Étiquette Payment Status,
is_sub_location,Sous Situation Sur? (Si ce paramètre est « Activé » lorsque l'utilisateur ouvre l'application du besoin de l'utilisateur de choisir l'emplacement sous (canton) sous le lieu (ville)),
thumbnail_generators_lng,thumbnail Generator,
btn_create_thumbnail,Miniature (1x2x3x) Générateur,
thumb_1x_label,Miniature 1x Taille de l'image,
thumb_2x_label,Miniature 2x Taille de l'image,
thumb_3x_label,Miniature 3x Taille de l'image,
image_lists_lng,Listes d'image,
img_name,Nom de l'image,
success_img_create,"Miniature 2x, 3x a été créé avec succès.",
img_not_exist,Image n'a pas existé dans le dossier de téléchargement.,
recommended_size_img,Taille recommandée: 400 x 200,
recommended_size_icon,Taille recommandée: 200 x 200,
user_social_info_override,"Ignorer les informations sociales de l'utilisateur? Si coché, les informations sociales de l'utilisateur seront écrasées lorsque vous vous connectez avec (Google, Facebook, téléphone et Apple, etc.)",
applied_date_label,Date d'application (DD / MM / AAAA),
pending,En attente,
verified,Vérifié,
rejected,Rejeté,
all,Tous,
currency_info,Informations sur la monnaie,
is_default,Défaut,
success_agent_edit,L'agent a été mis à jour avec succès,
agent_edit,Agent de modification,
cannot_apply_agent,Désolé! Vous ne pouvez pas appliquer agent,
app_token_label,Jeton d'application (pour la photo de profil Facebook),
already_sold_out,L'article a déjà été épuisé et vous ne pouvez pas faire une offre.,
is_show_email,Afficher le courrier électronique,
is_show_phone,Téléphone,
township_success_edit,Le canton a été mis à jour avec succès.,
already_agent,Vous ne pouvez plus appliquer l'agent parce que vous êtes déjà un agent.,
agent_pending,"Vous êtes toujours en attente, veuillez patienter l'approbation de l'administrateur.",
success_agent_delete,L'agent a été supprimé avec succès.,
cannot_sold_out,Vous ne pouvez pas vendre l'article.,
cannot_chat,Vous ne pouvez pas discuter cet article.,
you_bought,Tu as acheté,
item_video_label,Vidéo d'article,
item_video_icon_label,Icône de vidéo d'article,
price_cannot_zero,Le prix ne peut pas être nul,
err_price,Veuillez fournir le prix de l'article,
deeplink_note_label,"Remarque - Le lien dynamique de l'article a été généré par ces paramètres ci-dessus. Si vous souhaitez régénérer avec le nouveau paramètre, veuillez modifier le paramètre ici :",
go_to_be_setting_label,Aller au paramètre backend,
thumb2x_3x_settting_off,"Créer une vignette2x, le paramètre 3x est désactivé.",
create_thumb2x_folder,"Le dossier Thumbnail2x n'existe pas, veuillez le créer d'abord. Ou vous pouvez créer un paramètre thumb2x,3x.",
create_thumb3x_folder,"Le dossier Thumbnail3x n'existe pas, veuillez d'abord le créer. Ou vous pouvez créer un paramètre thumb2x,3x.",
thumb2x_already_existed,L'image a déjà existé dans le dossier thumbnail2x.,
thumb3x_already_existed,L'image a déjà existé dans le dossier thumbnail3x.,
thumb2x_thumb3x_already_existed,L'image a déjà existé dans les dossiers thumbnail2x et thumbnail3x.,
thumbnail_generator_label,Il générera les images miniatures pour chaque élément. Veuillez noter que ce processus prendra un certain temps en fonction de vos données,
is_thumb2x_3x_generate,"Vignette 2x,3x Paramètre activé ? (si ce paramètre est activé lorsque vous téléchargez l'image, il générera automatiquement la vignette 2x et la vignette 3x.)",
err_currency_symbol,S'il vous plaît fournir un symbole monétaire.,
Item_currency,Devise de l'article,
Image_lists,Listes d'images,
Thumbnail_generators,Générateurs d'images,
demo_login,Connectez-vous avec un compte démo,
need_accept_offer,Cet article a été nécessaire pour accepter une offre en premier.,
need_make_offer,Cet article a été nécessaire pour faire une offre en premier.,
already_accept_offer,Cet article a déjà fait une offre.,
already_reject_offer,Cet article a déjà été rejeté l'offre.,
already_rejected,Cet article a déjà été rejeté l'offre.,
cannot_default,"Désolé, il n'est pas possible d'annuler la valeur par défaut.",
cannot_unpublish,"Désolé, il n'est pas possible d'annuler la publication dans la devise par défaut.",
approve_item,Approuver l'élément,
disable_item,Désactiver l'élément,
reject_item,Refuser l'article,
receive_rating_from,Recevoir une note de,
verify_email_not_send_user,Omettre d'envoyer votre courrier électronique à,
need_user_bought,Cet article a été nécessaire pour acheter par l'utilisateur en premier.,
csv_upload_instruction_city,"Veuillez suivre les étapes ci-dessous : <br>
1. Préparez ensuite le format CSV. <a href=""https://drive.google.com/file/d/1g3T6H2cdZsGS0UlHji6_BkP_JIa1YBCy/view?usp=sharing"" target=""_blank""> exemple de fichier CSV ici </a> <br>
2. Vous pouvez utiliser Google Sheet pour créer et exporter en tant que séparateur de virgule.",
pls_upload_csv,Veuillez télécharger un fichier CSV.,
something_wrong_upload,Quelque chose ne va pas télécharger le fichier,
err_paid_adpost_history,Pardon,
total_city,Ville de localisation totale :,
success_total_city,Succès ville de localisation :,
fail_total_city,Ville de localisation en échec :,
total_township,Localisation totale commune :,
success_total_township,Réussir localisation commune :,
fail_total_township,Commune de localisation échouée :,
beacause_db_err,à cause d'une erreur de base de données.,
because_miss_city,à cause de la ville manquante,
because_miss_township,à cause de l'emplacement manquant du canton,
csv_upload_instruction_township,"Veuillez suivre les étapes ci-dessous : <br>
1. Préparez ensuite le format CSV. <a href=""https://drive.google.com/file/d/1hkLZUDt4pxIqtfPE9k5rhzf4rhK6VJit/view?usp=sharing"" target=""_blank""> exemple de fichier CSV ici </a> <br>
2. Vous pouvez utiliser Google Sheet pour créer et exporter en tant que séparateur de virgule.<br>
<b>Remarque : Le nom de la ville à utiliser dans le fichier CSV du canton doit être ajouté en premier.</b>",
because_noexit_city,le nom de la ville n'existe pas dans le système,
item_locations,Ville de l'emplacement de l'article,
city_existed,existait déjà dans le système.,
township_existed,existait déjà dans le système.,
err_amenity_name,Veuillez indiquer le nom de l'équipement,
apply_agent_noti_approve,"Félicitations, l'administrateur a approuvé votre agent d'application.",
apply_agent_noti_reject,"Désolé, l'administrateur a rejeté votre agent d'application. Vous pouvez essayer de postuler à nouveau.",
pkg_add,Ajouter un package,
pkg_search,Forfait de recherche,
pkg_edit,Modifier le package,
success_pkg_edit,Le package a été mis à jour avec succès.,
success_pkg_add,Le paquet a été ajouté avec succès.,
success_pkg_delete,Le paquet a été supprimé avec succès.,
title,Titre,
pkg_info,Informations sur le paquet,
post_count,Nombre de messages,
pkg_select_currency,Sélectionnez la devise du package,
err_pkg_title,Veuillez fournir le titre du package,
err_pkg_price,Veuillez fournir le prix du forfait,
err_pkg_post_count,Veuillez fournir le nombre de messages,
err_pkg_exit,Le nom du package existe déjà dans le système,
delete_pkg_label,Supprimer le paquet ?,
pkg_delete_confirm_message,Êtes-vous sûr de supprimer ce package ?,
pkg_yes_all_label,Oui tout,
pkg_no_only_label,Paquet seul,
err_pkg_bought,Pardon,
success_pkg_bought,Paquet acheté avec succès inséré.,
is_paid_app,"Application payante activée ? (Si ce paramètre est ""Activé"", cette application est limitée à la publication d'annonces utilisateur)",
package_module,Paquets,
is_subcat_subscription,"Propriété par abonnement activée ? (Si ce paramètre est ""Activé"", l'utilisateur doit pouvoir s'abonner à la propriété par.)",
err_subcat_subscibe_save,Pardon,
err_subcat_subscibe_delete,Pardon,
success_subcat_subscribe,Propriété réussie par abonnement.,
verify_agent,Agent vérifié,
rating_view,Afficher l'évaluation de l'utilisateur,
csv_export,Exportation CSV,
Item_reports,Éléments signalés,
report_search,Rechercher un article signalé,
rating_search,Rechercher un utilisateur d'évaluation,
discount_rate_by_percentage,Taux d'actualisation par pourcentage,
item_upload_config,Configurations de téléchargement d'articles,
success_item_config_edit,La configuration de téléchargement d'articles a été mise à jour avec succès,
success_item_config_add,La configuration de téléchargement d'articles a été ajoutée avec succès,
item_config_label,Informations de configuration de téléchargement d'article,
is_block_user,"Fonction de blocage activée ? (Si ce paramètre est ""Activé"", l'utilisateur peut empêcher d'autres utilisateurs indésirables de voir sa publication.)",
open,ouverte,
in_progress,en cours,
close,Fermer,
demo_data_delete,Suppression des données de démonstration,
demo_data_delete_note_label,"Remarque : Tous les enregistrements ""utilisateurs"" seront supprimés, à l'exception du compte administrateur.",
success_demo_data_delete,Les données de démonstration ont été supprimées avec succès.,
btn_submit,Soumettre,
admin_pwd_label,Entrez le mot de passe administrateur,
delete_demo_data,Êtes-vous sûr de vouloir supprimer toutes les données de démonstration ?,
admin_confirm,Veuillez entrer votre mot de passe administrateur ci-dessous pour confirmer ces suppressions de données de démonstration.,
err_blank_pwd,Veuillez remplir le mot de passe administrateur,
err_pwd_invalid,Votre mot de passe est incorrect!,
no_messages,Aucun message récent,
no_items,Aucun élément récemment ajouté,
no_users,Aucun utilisateur récemment ajouté,
img_all_delete,Toutes les images associées seront supprimées,
images,Images,
adpost_history_search,Historique des transactions de publication d'annonces sur le Réseau de Recherche,
ad_post_transactions_module,Afficher l'historique des transactions,
package_name,Nom du paquet,
buy_ad_post_transactions,Afficher l'historique des transactions,
adpost_history_view,Afficher l'historique des transactions de publication d'annonces,
car_type_label,Type de voiture,
car_location_label,Emplacement de la voiture,
in_app_purchases,Paiement dans l'application achetée,
err_image,Veuillez fournir un téléchargement d'image,
unenought_post_count,Pas assez de post count,
btn_back,Retour,
topics_fe_label,Sujets pour le frontend,
deeplink_generators,Générateurs de liens profonds,
btn_deeplink_generator,Générer un lien profond,
new_item_upload_label,Nouvel élément téléchargé sous,
success_deeplink_generate,Le lien profond a été généré avec succès.,
deeplink_generator_label,Générateur de liens profonds,
csv_upload_instruction_propertyby,"Veuillez suivre les étapes ci-dessous :<br>
1. Téléchargez manuellement les images dans le dossier de téléchargement via FTP.<br>
2. Préparez ensuite le format CSV. <a href=""https://drive.google.com/file/d/1bOy1apUDZWFbmKk2O6JAJsxHqyOkaUQJ/view?usp=sharing"" target=""_blank"">Exemple de fichier ici</a><br>
3. Vous pouvez utiliser Google Sheet pour créer et exporter en tant que séparateur de virgule.",
total_propertyby,Total de la propriété par :,
success_propertyby,Propriété réussie par :,
fail_propertyby,Propriété échouée par :,
miss_propertyby_name,à cause de la propriété manquante par nom,
miss_propertyby_img,à cause de la propriété manquante par image dans le dossier 'uploads'.,
miss_propertyby_icon,à cause de la propriété manquante par icône dans le dossier 'uploads'.,
db_err,à cause d'une erreur de base de données.,
already_existed,existe déjà.,
unauthorize_item_edit,Vous n'avez pas la permission de mettre à jour un élément car ce n'est pas votre article.,
not_enought_post_count,Pas assez de post count.,
record_not_found,10001#Désolé,
record_no_pagination,"10001#Désolé, plus d'enregistrements dans le système.",
offer_rejected,Offre refusée !,
make_offer,Faire une offre!,
offer_accepted,Offre acceptée!,
image,Image!,
about_app,À propos de l'application,
api_setting,Paramètre API,
app_setting,Paramètres de l'application,
fail_push_devices,Échec de pousser tous les appareils Android et IOS.,
fail_push_websites,Échec de pousser tous les sites Web.,
push_noti_module,Notification push,
app_version,Version,
err_title,Veuillez fournir le titre.,
err_title_len,La longueur du titre doit être supérieure à 4.,
remove_label,Retirer,
all_label,Tous,
approved_label,Approuvé,
reject_label,Rejeter,
err_icon,Veuillez remplir l'icône de téléchargement.,
start_upload,Commence le téléchargement,
cancel_upload,Annuler le téléchargement,
add_files,Ajouter des fichiers,
btn_update,Mettre à jour,
err,Erreur,
btn_start,Démarrer,
btn_close,Fermer,
category,Catégorie,
added,Ajoutée,
disable_label,Désactiver,
waiting_approval_label,En attente d'approbation,
count,Compter,
demo_dummy_refresh_hour,"Veuillez noter que le backend est un mode démo, donc toutes ces données factices seront actualisées toutes les heures.",
sys_err_occur,Une erreur système s'est produite. Veuillez contacter votre administrateur système.,
registered_user,Utilisateur enregistré,
generate_thumbnail_label,Il générera les images miniatures pour chaque élément. Veuillez noter que ce processus prendra un certain temps en fonction de vos données.,
max_img_upload_of_item,Téléchargement maximal d'images de l'élément,
err_max_img_blank_save,Veuillez fournir le téléchargement maximal d'images de l'article.,
err_max_img_zero_save,Le téléchargement maximal d'images de l'élément ne peut pas être égal à zéro.,
err_max_img_upload,L'image de l'article est maximale.,
price_format,Format de prix,
price_format_desc,"Vous devez changer en fonction de votre format dont vous avez besoin (par exemple "",##0.00"" => 2,555.00, ""##0.00"" => 2555.00, "".00"" => 2555.00, "",##0"" => 2,555, "",##0.0"" => 2 555.0)",
date_format,Format de date,
google_playstore_url,URL de Google Play Store,
apple_appstore_url,URL de Apple App Store,
ios_appstore_id,IOS App Store ID,
default_order_time,Temps de commande par défaut (minutes),
fb_key,Touche Facebook,
is_show_token_id,"Token ID activé? (Si ce paramètre est « activé », l’utilisateur peut afficher l’ID de jeton dans le paramètre de notification.)",
is_show_subcategory,"Sous-catégorie sur? (Si ce paramètre est « run », la sous-catégorie peut être utilisée dans l’application.)",
is_use_thumbnail_as_placeholder,"Utiliser la vignette comme paramètre de l’élément mp en cours d’exécution ? (Si ce paramètre est en cours d’exécution, téléchargez d’abord la miniature, puis l’image complète.",
admob_section,Configuration admob,
is_show_admob,"Configurer AdMob en cours d’exécution? (Si ce paramètre est activé, l’application affichera des annonces.)",
lang_section,Configuration de la langue,
default_language,Langage par défaut,
exclude_language,Langues disponibles,
exclude_lang_desc,"(Si la langue est « run », l’utilisateur peut l’utiliser dans l’application.)",
default_currency_section,Configuration de la devise par défaut,
default_razor_currency,Devise de rasoir par défaut,
is_razor_support_multi_currency,"Prise en charge du rasage multi-devises ? (Si ce paramètre est « exécuter », vous pouvez accepter un paiement simple dans plusieurs devises dans l’application.)",
default_flutter_wave_currency,Monnaie de flutterwave par défaut,
login_section,Configuration de connexion,
show_facebook_login,"Connexion Facebook activée ? (Si ce paramètre est ""Activé"", les utilisateurs peuvent être connectés avec Facebook.)",
show_google_login,"Connexion Google activée ? (Si ce paramètre est ""Activé"", les utilisateurs peuvent être connectés avec Google.)",
show_phone_login,"Phone Login On? (If this setting is ""On"", the users can be logged in with a phone number.)",
show_main_menu,"Main Menu On? (If this setting is ""On"", the user can view the ""Main Menu"" tab in each shop.)",
show_special_collections,"Collections spéciales activées ? (Si ce paramètre est ""Activé"", l'utilisateur peut afficher l'onglet ""Offres spéciales"" dans chaque boutique.)",
show_featured_items,"Articles en vedette activés ? (Si ce paramètre est ""Activé"", l'utilisateur peut afficher les ""Articles en vedette"" dans chaque boutique.)",
show_best_choice_slider,"Curseur de meilleur choix activé ? (Si ce paramètre est ""Activé"" lorsque l'utilisateur ouvre l'application, l'utilisateur peut afficher les meilleures collections de choix avec la vue du curseur.)",
default_loading_limit,Limite de chargement par défaut,
category_loading_limit,Catégorie Limite de chargement,
recent_item_loading_limit,Limite de chargement récente de l'article,
popular_item_loading_limit,Limite de chargement de l'article populaire,
discount_item_loading_limit,Limite de chargement de l'article de réduction,
feature_item_loading_limit,Caractéristique Limite de chargement,
block_slider_loading_limit,Bloquer la limite de chargement du curseur,
follower_item_loading_limit,Limite de chargement des articles suiveurs,
default_limit_section,Configuration de la limite par défaut,
block_item_loading_limit,Limite de chargement de l'élément de blocage,
date_format_desc,"DD pour la journée, mm pour le mois, Yyyy pour l'année, HH pour l'heure, mm pour la minute, SS pour la seconde (par exemple, DD-MM-AAAAAAI HH: MM: SS)",
app_config_info_lable,Informations sur la définition mobile,
loc_section,Configuration de l'emplacement,
success_mobile_edit,La configuration mobile a été mise à jour avec succès.,
success_mobile_add,La configuration mobile a été ajoutée avec succès.,
err_default_lang,Veuillez fournir la langue par défaut.,
err_default_loading_limit_zero,La limite de chargement par défaut ne peut pas être nulle.,
err_default_loading_limit,Veuillez fournir la limite de chargement par défaut.,
err_category_loading_limit,Veuillez fournir la limite de chargement de la catégorie,
err_category_loading_limit_zero,La limite de chargement de la catégorie ne peut être nulle.,
err_collection_product_loading_limit,Veuillez fournir la limite de chargement du produit de collecte.,
err_collection_product_loading_limit_zero,La limite de chargement du produit de collecte ne peut pas être nulle.,
err_discount_product_loading_limit,Veuillez fournir la limite de chargement du produit de réduction.,
err_discount_product_loading_limit_zero,La limite de chargement du produit de réduction ne peut pas être nulle.,
err_feature_product_loading_limit,Veuillez fournir la limite de chargement du produit en vedette.,
err_feature_product_loading_limit_zero,La limite de chargement du produit en vedette ne peut pas être nulle.,
err_latest_product_loading_limit,Veuillez fournir la dernière limite de chargement des produits.,
err_latest_product_loading_limit_zero,La dernière limite de chargement de produits ne peut pas être zéro.,
err_shop_loading_limit,Veuillez fournir la limite de chargement de la boutique.,
err_shop_loading_limit_zero,La limite de chargement de la boutique ne peut pas être zéro.,
err_trending_product_loading_limit,Veuillez fournir la limite de chargement du produit de tendance.,
err_trending_product_loading_limit_zero,La limite de chargement des produits de tendance ne peut pas être nulle.,
err_default_order_time,Veuillez fournir l'heure de la commande par défaut.,
err_default_order_time_zero,Le temps de commande par défaut (minutes) ne peut pas être zéro.,
err_google_playstore_url,Veuillez fournir l'URL de Google Play Store.,
err_apple_appstore_url,Veuillez fournir l'URL Apple App Store.,
err_ios_appstore_id,Veuillez fournir un identifiant IOS App Store.,
err_price_format,S'il vous plaît fournir le format de prix.,
err_date_format,S'il vous plaît fournir le format de date.,
err_fb_key,Veuillez fournir une clé Facebook.,
default_lang_select,Sélectionnez la langue par défaut,
mobile_configs,Configuration mobile,
frontend_configs,Configuration frontale,
faq_pages_label,Pages FAQ,
terms_and_conditions_label,Termes et conditions,
is_use_googlemap,Utilisez Google Map sur?,
item_detail_view_count_for_ads,Détail de l'article Afficher compter pour les annonces,
is_show_ads_in_item_detail,Est-ce que montrer des annonces dans le détail de l'article?,
after_item_count_admob_once,Après le compte de poste admob une fois,
is_show_admob_inside_list,Est-ce que Show admob dans la liste?,
blue_mark_size,Taille bluemark,
mile,Plage de milles pour les articles les plus proches,
video_duration,Durée de la vidéo (millisecondes),
image_section,Section de l'image,
profile_image_size,Taille de l'image de profil,
upload_image_size,Télécharger la taille de l'image,
chat_image_size,Taille de l'image de chat,
promote_section,Promouvoir la section,
promote_first_choice_day,Promouvoir la journée de premier choix ou la journée par défaut,
promote_second_choice_day,Promouvoir la deuxième journée de choix,
promote_third_choice_day,Promouvoir la troisième journée de choix,
promote_fourth_choice_day,Promouvoir la quatrième journée de choix,
no_filter_with_location_on_map,Aucun filtre avec emplacement sur la carte?,
is_show_owner_info,Est-ce que montrer le propriétaire info?,
frontend_config_label,Informations sur la configuration frontale,
map_key,Carte clé,
enable_notification,Est la notification d'activation?,
fcm_server_key,Touche Server FCM,
firebase_web_push_key_pair,Firebase Web Push Key paire,
ad_client,Client,
ad_slot,Fente,
copy_right,حقوق النشر,
google_play_url,Google Play Url,
app_store_url,URL de l'App Store,
google_setting,Réglage de Google,
app_store_setting,Définition de l'App Store,
banner_src,Bannière src,
google_map,Google Map,
open_street_map,Carte de rue ouverte,
image_limit,Limite d'image,
success_frontend_edit,La configuration frontale a été mise à jour avec succès.,
success_frontend_add,La configuration frontale a été ajoutée avec succès.,
show_user_profile,Afficher le profil d'utilisateur?,
is_enable_video_setting,Activer le réglage vidéo?,
err_map,S'il vous plaît fournir une clé de carte,
err_price_format,S'il vous plaît fournir un format de prix,
err_fcm_server_key,Veuillez fournir la clé de serveur FCM,
err_firebase_web_push_key_pair,Veuillez fournir une paire de touches de push Web Firebase Web,
err_ad_client,S'il vous plaît fournir un client ad,
err_copy_right,S'il vous plaît fournir une copie juste,
err_google_play_url,Veuillez fournir URL Google Play,
err_ad_slot,S'il vous plaît fournir une machine à sous,
err_app_store_url,Veuillez fournir URL de l'App Store,
err_banner_src,S'il vous plaît fournir une bannière src,
err_block_item_loading_limit_zero,La limite de chargement d'élément de bloc peut ne pas être zéro,
err_block_item_loading_limit,S'il vous plaît fournir un élément de bloc de blocage,
err_follower_item_loading_limit_zero,La limite de chargement des articles suiveurs ne peut pas être zéro,
err_follower_item_loading_limit,Veuillez fournir une limite de chargement des articles suiveurs,
err_block_slider_loading_limit_zero,Bloquer la limite de chargement du curseur ne peut pas être zéro,
err_feature_item_loading_limit_zero,La limite de chargement des articles de fonctionnalité ne peut pas être zéro,
err_feature_item_loading_limit,Veuillez fournir la limite de chargement de l'élément de fonctionnalité,
err_discount_item_loading_limit_zero,Limite de chargement de l'article de réduction ne peut pas être zéro,
err_discount_item_loading_limit,Veuillez fournir une limite de chargement de l'article de réduction,
err_popular_item_loading_limit_zero,La limite de chargement de l'article populaire ne peut pas être zéro,
err_popular_item_loading_limit,Veuillez fournir une limite de chargement de l'article populaire,
err_recent_item_loading_limit_zero,La limite de chargement de l'article récente ne peut pas être zéro,
err_recent_item_loading_limit,Veuillez fournir une limite de chargement récente de l'article,
err_item_detail_view_count_for_ads_zero,Compte de vue de détail de l'article pour les annonces ne peut pas être zéro,
err_item_detail_view_count_for_ads,Veuillez fournir le détail de l'article Compte pour les annonces,
err_after_item_count_admob_once_zero,Après le compte d'élément admob admob une fois ne peut pas être zéro,
err_after_item_count_admob_once,S'il vous plaît fournir après le compte de poste admis une fois,
err_profile_image_size_zero,La taille de l'image de profil ne peut pas être zéro,
err_profile_image_size,Veuillez fournir la taille de l'image de profil,
err_upload_image_size_zero,Télécharger la taille de l'image ne peut pas être zéro,
err_upload_image_size,Veuillez fournir la taille de l'image de téléchargement,
err_blue_mark_size_zero,La taille des bluemark ne peut pas être zéro,
err_blue_mark_size,S'il vous plaît fournir une taille bluemark,
err_video_duration_zero,La durée de la vidéo ne peut pas être zéro,
err_video_duration,Veuillez fournir une durée vidéo,
err_mile_zero,Mile ne peut pas être zéro,
err_mile,S'il vous plaît fournir mile,
err_chat_image_size_zero,La taille de l'image de chat ne peut pas être zéro,
err_chat_image_size,Veuillez fournir la taille de l'image de chat,
ad_post_type,Type d'annonce,
err_ad_post_type,Veuillez fournir le type de post Ad.,
select_ad_post_type,Sélectionnez Type de post Ad,
err_promo_cell_blank_save,Veuillez fournir l'intervalle de cellule promu.,
err_promo_cell_zero_save,L'intervalle de cellule favorisée no. ne peut pas être zéro.,
promo_cell_interval_no,Intervalle de cellule promu,
ad_post_section,Réglage de type post de l'annonce,
paid_items,Articles sponsorisés,
promo_cell_interval_desc,(Les annonces sponsorisées ou Google Ads vont montrer dans chaque X no de la liste.),
offline_pkg_bought_edit,Modifier le package hors ligne acheté,
offline_pkg_bought_search,Rechercher le package acheté hors ligne,
delete_offline_pkg_label,Supprimer le package d'annonces hors ligne acheté ?,
offline_pkg_delete_message_label,Voulez-vous vraiment supprimer le package d'annonces hors ligne acheté ?,
offline_pkg_bought_info,Informations sur le package acheté hors ligne,
bought_user,Utilisateur acheté,
currency_label,Monnaie,
success_offline_pkg_delete,Le package d'annonces hors ligne acheté a été supprimé avec succès.,
success_offline_pkg_edit,Le package d'annonces hors ligne acheté a été mis à jour avec succès.,
success_offline_pkg_add,Le package d'annonces hors ligne acheté a été ajouté avec succès.,
offline_paids,Demande d'articles sponsorisés hors ligne,
offline_ad_package_bought_request,Demande d'achat de package d'annonces hors ligne,
err_image_limit,Veuillez indiquer la limite d'images.,
err_image_limit_zero_save,La limite d'image ne peut pas être nulle.,
err_block_slider_loading_limit,Veuillez indiquer la limite de chargement du curseur de bloc.,
err_item_detail_view_count_for_ads,Veuillez fournir le nombre de détails de l'article pour les annonces.,
err_item_detail_view_count_for_ads_zero,Le nombre de détails d'articles pour les annonces ne peut pas être égal à zéro.,
err_promote_fourth_choice_day,Veuillez fournir la promotion du jour du quatrième choix.,
err_promote_fourth_choice_day_zero,La promotion du jour du quatrième choix ne peut pas être nulle.,
err_promote_first_choice_day,Veuillez fournir la promotion du jour de premier choix.,
err_promote_first_choice_day_zero,Le jour de promotion du premier choix ne peut pas être nul.,
err_promote_second_choice_day,Veuillez fournir la promotion du deuxième jour de choix.,
err_promote_second_choice_day_zero,Le jour de deuxième choix de la promotion ne peut pas être nul.,
err_promote_third_choice_day,Veuillez fournir la promotion du troisième jour de choix.,
err_promote_third_choice_day_zero,Le jour de la promotion du troisième choix ne peut pas être nul.,
success_image_reorder,L'image a été réorganisée avec succès.,
unauthorize_reorder_img_edit,"Vous n'êtes pas autorisé à réorganiser cette image, car vous n'en êtes pas le propriétaire.",
no_transaction_yet,Vous ne pouvez pas exporter le fichier CSV car il n'y a aucune transaction.,
err_key,Veuillez remplir la clé.,
err_key_len,La longueur de la clé doit être supérieure à 4.,
org_img_size,Taille de l'image d'origine,
processing_label,Traitement,
err_photo,Veuillez déposer une photo,
posted_by_loading_limit,Publié par Limite de chargement,
amenities_loading_limit,Limite de chargement,
agent_loading_limit,Limite de chargement des agents,
err_posted_by_loading_limit_zero,La limite de chargement affichée par ne peut pas être nulle.,
err_posted_by_loading_limit,S'il vous plaît fournir posté par limite de chargement.,
err_agent_loading_limit_zero,La limite de chargement de l'agent ne peut pas être nulle.,
err_agent_loading_limit,Veuillez indiquer la limite de chargement de l'agent.,
err_amenities_loading_limit_zero,La limite de chargement des commodités ne peut pas être nulle.,
err_amenities_loading_limit,Veuillez indiquer la limite de chargement des commodités.,
package_app_purchase_product_id_label,Package In App Purchases Product ID,
package_purchase_type_label,Type d'achats de packages intégrés à l'application,
is_force_login,"La connexion forcée est-elle activée ? (Si ce paramètre est ""Activé"", lorsque l'application démarre, l'utilisateur doit d'abord se connecter.)",
is_language_config,"La configuration de la langue est-elle activée ? (Si ce paramètre est ""On"", lorsque l'application démarre, l'utilisateur doit sélectionner la langue.)",
sold_out_items,Articles épuisés,
sold_out_items_module,Articles épuisés,
sold_out_item_view,Voir les articles vendus,
price_pkg_desc,(Le champ de prix n'est utilisé que pour les autres paiements autres que l'IAP (acheté dans l'application).),
currency_pkg_desc,(Le champ de devise n'est utilisé que pour les autres paiements autres que IAP (acheté dans l'application).),
languages,Langues,
dashboard_label,Tableau de bord,
item_location_cities,Emplacement de l'objet Villes,
item location cities,Emplacement de l'objet Villes,
item_location_townships,Localisation de l'article Cantons,
item location townships,Localisation de l'article Cantons,
packages,Paquets,
posted by,Posté par,
property by,Propriété par,
items,Articles,
posted_by,Posté par,
property_by,Propriété par,
item price types,Types de prix de l'article,
item_price_types,Types de prix de l'article,
paid items,Rapport sur la propriété sponsorisée,
blogs,Blogues,
pendings,En attente,
rejects,Rejets,
disables,Désactive,
agents,Appliquer les listes d'agents,
offline paids,Demande d'articles sponsorisés hors ligne,
offline_paids,Demande d'articles sponsorisés hors ligne,
most popular items,Articles les plus populaires,
most_popular_items,Articles les plus populaires,
view,Voir,
ratings,Notes,
contacts,Contacts,
item_report,Rapport d'article,
item report,Rapport d'article,
transactions,Transactions,
date,Date,
users,Utilisateurs,
notis,N'est pas,
deeplink generators,Générateurs de liens profonds,
api_keys,Clés API,
api keys,Clés API,
appsettings,Paramètres de l'application,
versions,Versions,
abouts,À propos,
item_upload_configs,Configuration de téléchargement d'article,
privacy policies,Les politiques de confidentialité,
privacy_policies,Les politiques de confidentialité,
data_deletion_policies,Politiques de suppression de données,
data deletion policies,Politiques de suppression de données,
topic_label,Sujet,
backend_config,Configuration principale,
backend config,Configuration principale,
paid configs,Paramètre de paiement,
offline payments,Paramètres de paiement hors ligne,
offline_payments,Paramètres de paiement hors ligne,
in app purchase,Achat dans l'application,
in_app_purchase,Achat dans l'application,
module_groups,Réglage du nom du menu,
module groups,Réglage du nom du menu,
modules,Réglage du nom du sous-menu,