key,valor,
site_name,Ad House Admin Panel,
sidebar_label,Ad House Admin,
slogan,O jornal é um grande tesouro para as pessoas do que incontáveis ​​milhões de ouro,
title_bar_seperator,|,
hello,Olá! Eu sou de arquivo de idioma,
added_date,Encontro,
upload_point_label,Carregar Ponto,
success_item_report,Relatório item foi adicionado com sucesso,
profile_img,Imagem de perfil,
signin,Assinar em,
check_for_detail,Verifique se há mais detalhes!,
success_delete,excluído com sucesso,
success_save_contact,Agradecemos o contato. Vamos chegar de volta em breve.,
success_contact_delete,Contactar mensagem foi excluído com sucesso,
btn_search,Procurar,
btn_add_new,Adicionar novo,
btn_edit,Editar,
btn_save,Salve ,
btn_save_gallery,Salvar e ir para a Galeria,
btn_cancel,Cancelar,
btn_yes,sim,
btn_delete,Excluir,
btn_publish,Publicar,
btn_replace_photo,Substitua a foto,
btn_replace_icon,substituir Ícone,
back_button,De volta,
lbl_view,Visão,
chat_history_save_success,história bate-papo foi adicionado com sucesso,
chat_history_update_success,histórico de chat foi atualizado com sucesso,
btn_version,Versão,
ver_info,Versão informação,
ver_no_label,Version No,
ver_msg_label,versão Mensagem,
ver_title_label,versão Título,
ver_force_update,Atualização Força versão?,
ver_need_data,Versão clara necessidade de dados?,
success_version_add,Versão foi adicionada com sucesso,
success_version_edit,Versão foi atualizada com sucesso,
dashboard,painel de controle,
no,Não,
del_cover_photo,Excluir Foto da capa,
youtube_url,Youtube URL,
del_icon_label,Ícone Excluir,
del_icon_confirm,Tem certeza de que deseja excluir o ícone?,
success_upload,A imagem foi enviada com sucesso,
success_img_delete,A imagem foi excluído com sucesso,
error_login,Email e senha não correspondem,
err_access,"Desculpe, você não tem acesso a tomar esta ação",
err_model,erro de banco de dados ocorreu,
err_sys,erro de sistema ocorreu,
err_upload,Carregar erro ocorreu,
wrn_no_data,Não há dados ainda,
del_cover_photo_confirm,Tem certeza de que deseja apagar a foto?,
upload_photo,upload de fotos,
no_record,Não há mais registros,
invalid_api_key,API Key é inválido,
invalid_user_id,Id de usuário inválido,
invalid_item_id,Id item inválido,
role,Função,
user_name,Nome do usuário,
user_email,O email,
user_password,Senha,
conf_password,Confirme a Senha,
user_phone,telefone,
allowed_modules,Módulos permitidos,
user_ban,Banimento,
user_unban,unban,
user_info,Informação do usuário,
user_list,Lista de usuários,
user_add,Adicionar novo usuário,
user_edit,Editar usuário,
user_search,pesquisa de Usuário,
err_dup_email,Endereço de e-mail já está existia no sistema,
err_dup_name,Nome já está existia no sistema,
err_user_name_blank,"Por favor, forneça nome de usuário",
err_user_name_len,O comprimento do nome de utilizador deve ser maior do que 4,
err_user_email_blank,"Por favor, forneça o endereço de email",
err_user_email_invalid,"Por favor, forneça endereço de email válido",
err_user_email_exist,Endereço de e-mail já está existia no sistema,
err_user_pass_blank,"Por favor, forneça a senha",
err_user_pass_len,O comprimento da senha deve ser maior que 4,
err_user_pass_conf_blank,"Por favor, forneça a senha de confirmação",
err_user_pass_conf_not_match,Senha e Confirmar senha não correspondem,
err_permission_blank,Por favor selecionar quais módulos são capazes de acesso,
success_user_add,Usuário foi adicionado com sucesso,
success_user_edit,Usuário foi atualizado com sucesso,
err_user_banned,"Desculpe, você não pode entrar porque sua conta é proibido.",
cat_info,categoria Informação,
cat_name,Nome da Categoria,
cat_ordering,categoria Order,
cat_img,Categoria Foto da capa,
cat_icon,Ícone da categoria,
cat_search,pesquisa Categoria:,
cat_select,Escolha um nome de categoria,
cat_add,Adicionar categoria,
cat_edit,Editar Categoria,
success_cat_edit,Categoria foi atualizada com sucesso,
success_cat_add,Categoria foi adicionada com sucesso,
success_cat_delete,Categoria foi excluído com sucesso,
err_cat_name,"Por favor, forneça nome da categoria",
err_cat_len,O comprimento do nome da categoria deve ser maior que 4,
err_cat_exist,Nome da categoria já está existia no sistema,
delete_cat_label,Categoria de exclusão?,
cat_delete_confirm_message,Você quer apagar todos os papéis de parede sob a categoria juntos?,
cat_yes_all_message,Sim All - Categoria e Itens excluirá a partir do sistema.,
cat_no_only_message,Categoria Somente - somente Categoria excluirá do sistema.,
cat_yes_all_label,Sim Todos,
cat_no_only_label,Categoria Apenas,
over_name,Nome Com vista,
over_search,pesquisa Com vista,
over_add,Adicionar Com vista,
over_info,Informações Com vista,
over_edit,Editar Com vista,
delete_over_label,Excluir Com vista?,
over_delete_confirm_message,Você deseja excluir as overlookings?,
over_yes_all_message,Sim All - Com vista para excluirá a partir do sistema.,
success_over_edit,Com vista foi atualizado com sucesso,
success_over_add,Com vista foi adicionada com sucesso,
success_over_delete,Com vista foi excluído com sucesso,
err_over_name,Forneça o nome com vista,
err_over_len,O comprimento de Com vista Nome deve ser maior do que 4,
err_over_exist,Com vista para o nome já está existia no sistema,
delete_contact_label,Excluir contato mensagem?,
contact_delete_confirm_message,Você quer apagar a mensagem de contato?,
detail_contact_label,Fale Mensagem,
contact_info_label,Informações de contato Mensagem,
about_contact_label,Sobre Contato Mensagem,
contact_info_label,Informações para contato Detalhe,
contact_name,Nome do contato Pessoa,
contact_email,Pessoa de Contato E-mail,
contact_phone,Pessoa de Contato Telefone,
btn_reset,Redefinir,
reset_password,Password Reset,
contact_receive_message,Você recebeu um novo contato nós mensagem.,
nav_profile,Ir para o perfil,
nav_backend,Ir para Backend,
nav_logout,Sair,
total_label,total:,
device_label,Dispositivo,
devices_label,Devices,
registered_label,foi registrado para Push Notificati,
noti_info,push Notification,
noti_message_label,mensagem,
noti_message_tooltips,"Por favor, forneça o messsage para notificação push.",
noti_send_btn,Enviar Push Notification,
sorry_no_device,"Desculpe, não há nenhum dispositivo registrado para notificação Push.",
select_cat,Selecione a Categoria,
success_noti_add,Notificação foi adicionado com sucesso,
success_noti_delete,Notificação foi excluído com sucesso,
delete_noti_label,Notificação de exclusão?,
noti_yes_message,Notificação sim- excluirá a partir do sistema.,
push_message,Mensagem impulso,
noti_des_label,Descrição,
noti_img,notificação Foto,
noti_search,pesquisa Noti,
select_cat,Selecione a Categoria,
noti_add,Adicionar Noti,
app_info_lable,Sobre Informação,
about_title_label,Sobre Título,
description_label,Sobre Descrição,
about_email_label,Sobre Email,
about_phone_label,Sobre telefone,
about_website_label,Sobre site link,
about_seo_section,Informações SEO,
about_seo_title_label,SEO Título,
about_seo_desc_label,SEO Descrição,
about_seo_keywords_label,expressões SEO,
about_social_section,Informações sociais,
about_facebook_label,Facebook,
about_gplus_label,Google+,
about_instagram_label,Instagram,
about_youtube_label,Youtube,
about_pinterest_label,Pinterest,
about_twitter_label,Twitter,
about_color_section,Sobre Site Tema Cor,
about_theme,Temas disponíveis,
success_about_edit,Sobre é atualizado com êxito,
about_ads_analyt,Google Analytic & anúncios Configuração,
about_ads_client,anúncios cliente,
about_ads_slot,anúncios de entalhe,
about_analyt_track_id,Analytic Track ID,
about_ads_on,Ativar Google Adsense,
about_analyt_on,Ativar Google Analytic,
gdpr_label,PIBR conteúdo,
safety_tips_label,Dicas de segurança,
about_nav_icon,Ícone de navegação,
about_fav_icon,Fav Ícone,
about_backend_icon,para back-end,
total_users_count_label,Usuários registrados,
total_cat_count_label,total de Categorias,
total_wallpaper_count_label,publicar Wallpapers,
total_contact_label,Total Contacto Mensagem,
total_likes_count_label,Total Likes Conde,
total_favs_count_label,Total de Favoritos Contagem,
total_comments_count_label,Total de Comentários Contagem,
category_panel_title,Categorias recentes,
recent_news_panel_title,Notícias recentes,
available_inside,Notícias disponíveis dentro desta categoria.,
contact_message,Contato Mensagens,
recent_news_panel_title,Notícias recentes,
user_latest_members,Últimas Usuários registrados,
success_contact,Sua mensagem salvar com sucesso no sistema.,
file_na,Não disponível,
required_platform,plataforma necessária,
err_noti_register,"Desculpe, não é o problema de registro Push Notification",
success_noti_register,O seu dispositivo registrado com êxito para Push Notification.,
success_noti_unregister,O seu dispositivo não registrado com sucesso para Push Notification.,
err_noti_unregister,"Desculpe, não é o problema para cancelamento de registro Push Notification",
success_touch_count,Conde toque inserido com sucesso.,
err_touch_count,Problema In Touch Contagem!,
err_user_register,"Desculpe, não é o problema para o registro do usuário.",
err_user_not_exist,"Desculpe, usuário não existir no sistema.",
err_user_not_verify,"Desculpe, sua conta não está ainda verificar.",
err_email_not_send,"Desculpe, não há problema no envio de e-mail.",
err_user_update,"Desculpe, não há problema em informações do usuário de atualização.",
err_user_password_update,"Desculpe, não há problema na senha do usuário atualização.",
success_profile_update,O seu perfil atualizado com sucesso.,
success_email_sent,E-mail é enviado com sucesso.,
success_reset,Senha foi redefinida com sucesso,
success_reset_email_sent,Repor-mail é enviado com sucesso,
trending,Tendência Notícias,
editor_pick,Editor Escolhido Notícias,
project_name,Tipo Nome do Projeto,
project_search,Pesquisar Tipo de projeto,
att_add,Adicionar Novo Atributo,
add_att_detail,Adicionar novo detalhe Atributo,
list_attribute_header,Atributo Lista Header,
wrn_no_data,Não há dados ainda,
project_add,Adicionar tipo de projeto,
att_name,Nome do Atributo,
Prd_search_subcat,Escolha um nome de subcategoria,
Prd_search_dis,Selecionar tipo de desconto,
project_info,Tipo de projeto Informações,
project_edit,Editar tipo de projeto,
delete_project_label,Excluir tipo de projeto?,
att_info,Informações atributo,
project_delete_confirm_message,Você deseja excluir os tipos de projetos?,
project_yes_all_message,Sim All - Tipo de projeto irá eliminar a partir do sistema.,
success_project_edit,Tipo de projeto foi atualizado com sucesso,
success_project_add,Tipo de projeto foi adicionado com sucesso,
success_project_delete,Tipo de projeto foi excluído com sucesso,
err_project_name,Forneça o nome tipo de projeto,
success_upload,A imagem foi atualizado com sucesso,
err_project_len,O comprimento do tipo de projeto Nome deve ser maior que 4,
err_project_exist,Tipo Nome do Projeto já está existia no sistema,
item_description_label,Descrição,
deal_option_id_label,Opção negócio,
meet_up_label,Encontro,
mailing_or_delivery_label,Divulgação ou a entrega,
brand_label,marca,
price,Preço,
itm_title_label,Título,
itm_business_mode,É Shop?,
itm_show_shop,(Se mostrar usuário pode pedir mais de um),
itm_is_sold_out,É vendido para fora?,
location_info_label,Informação local,
itm_address_label,Endereço,
itm_lat_label,Latitude,
itm_lng_label,Longitude,
itm_select_price,Select Preço Tipo,
itm_select_currency,Escolha Moeda Car,
status_label,estado,
select_status_label,Selecione status,
find_location_label,Digite & Find localização do Google API,
itm_select_deal_option,Selecione negócio Option,
itm_steering_position,Posição de direção,
itm_no_of_owner,Sem Of proprietário,
itm_trim_name_label,Nome guarnição,
itm_vehicle_id_label,ID veículo,
itm_mileage_label,Quilometragem,
itm_select_fuel,Selecione tipos de combustível,
itm_price_unit_label,Preço unitário,
itm_max_passengers_label,passageiros Max,
itm_no_of_doors_label,Não De Portas,
itm_select_build,Escolha um tipo de compilação,
itm_select_seller_type,Selecionar Tipo de Vendedor,
itm_select_color,Selecione a cor,
itm_licence_status,É Status da licença?,
plat_number_label,Número da placa,
engine_power_label,Poder do motor,
year_label,Ano,
itm_select_transmission,Selecione Nome Transmission,
price_type_label,Tipo preço,
license_expiration_date_label,Licença Data de Validade,
other_info_lable,Outras,
confi_info_lable,Configuração,
performance_info_lable,atuação,
licence_info_lable,Licença,
price_info_lable,Preço,
api_info,Ajuste API,
api_title,Ajuste API,
api_title_tooltips,Nome API,
api_order_by,Ordenar por,
btn_save,Salve ,
btn_cancel,Cancelar,
success_api_edit,Atualizado com sucesso,
about_gallery,Galeria,
wallpaper_edit,Editar Wallpaper,
categories_label,categorias,
messages_label,mensagens,
categories_label,categorias,
view_all_label,Ver tudo,
divider_label,:,
wallpapers_label,Papeis de parede,
users_label,Comercial,
app_setting,App a informação da definição,
apikey_info,Api Informações Chave,
key_label,Chave,
success_apikey_edit,Api Key é atualizado com êxito,
success_apikey_add,Api Key é adicionado com sucesso,
earn_point_label,Ganhe Ponto,
currency_symbol,Símbolo de moeda,
currency_short_form,Short Form moeda,
currency_add,add Moeda,
success_currency_edit,Moeda foi atualizada com sucesso,
success_currency_add,Moeda foi adicionada com sucesso,
success_currency_delete,Moeda foi excluído com sucesso,
delete_currency_label,Moeda de exclusão?,
currency_delete_confirm_message,Você deseja excluir moedas?,
currency_search,pesquisa de moeda,
currency_edit,Editar Moeda,
err_currency_name,"Por favor, informe o nome da moeda",
err_currency_len,O comprimento do nome da moeda deve ser maior que 4,
err_currency_exist,Nome da Moeda já existia no sistema,
color_color,Cor,
select_type,Selecione o tipo,
from_point,Do ponto:,
to_point,Apontar :,
order_by,Ordenar por :,
select_order,Select Order,
push_noti_sending_title,Envio Push Notification,
no_device_label,Há dispositivos não registrado ainda.,
delete_color_label,Excluir a cores?,
color_delete_confirm_message,Você quer desvincular todos os papéis de parede sob que a cor excluída?,
upload_icon,Ícone da categoria,
about_upload_icon,Carregar Ícone,
fav_upload_icon,Fav Ícone,
sidebar_upload_icon,Logo backend,
btn_upload,Envio,
not_enough_point,"Desculpe, o seu ponto não é suficiente.",
view_count,Veja Counts,
earn_point_label,ganhou Ponto,
download_count,Contagem de Download,
rating_count,Conde classificação,
terms_label,Termos e Condições,
about_img,Sobre Foto da capa,
massupload_info,Mass Wallpaper upload usando CSV Arquivo,
select_csv_file,Selecione Arquivo CSV,
something_wrong_upload,errado Algo em seus dados carregados.,
pls_upload_csv,Faça o upload do arquivo CSV.,
sample_csv_format,CSV de exemplo está aqui: https://www.dropbox.com/s/oheyivxfgdlk129/sample.csv?dl=0,
csv_upload_instruction,"Por favor, siga os passos no seguinte: <br>
1. upload de imagens para uploads pasta manualmente via FTP. <br>
2. Carregar miniatura de imagens para uploads / thumbnail pasta manully via FTP. <br>
3. Em seguida, preparar como o formato CSV. Amostra aqui: http://bit.ly/2UvCjRp <br>
4. precisa seguir essas regras. Aqui: http://bit.ly/2T1Tjgp <br>
5. Você pode usar Sheet Google para criar e exportação como separador de vírgula. <br>
6. Recomendado é de cerca de 100 registros em um CSV. "";",
noti_sent_fail,Não conseguem enviar notificações push,
noti_sent_success,enviada com sucesso notificação push to,
reject_message_1,Desculpa! Wallpaper Rejeitado (,
reject_message_2,),
approve_message_1,Felicitações! Aprovado Wallpaper (,
approve_message_2,),
uploaded_user,uploaded Usuário,
select_multiple_images,Por favor selecionar várias imagens de fundo.,
multiple_images_message,"Nota: As imagens papel de parede será salvo o mesmo por nome, categoria, otimizada, cor, tipo, Tag, Point, Publicar, Recomende.",
multiple_wallpaper_title,"Wallpapers Multiple Upload ""Mode, cor, tipo, Tag, Point, Publicar, Recomendar.""",
delete_user_label,Apagar Utilizador Registado?,
user_delete_confirm_message,Você quer apagar todo o Utilizador Registado?,
user_yes_all_label,Sim Todos,
user_no_only_label,Categoria Apenas,
success_user_delete,Utilizador Registado foi excluído com sucesso,
credit,Crédito,
price_info,Informações preço,
price_name,Nome preço,
price_edit,Editar Preço,
price_add,add Preço,
price_search,a pesquisa Preço,
delete_price_label,Preço de exclusão?,
price_delete_confirm_message,Você quer apagar preço?,
err_price_name,Forneça o nome preço,
err_price_len,O comprimento de Preço Nome deve ser maior que 4,
err_price_exist,Preço Nome já existia no sistema,
success_price_edit,Preço foi atualizado com sucesso,
success_price_add,Preço foi adicionada com sucesso,
success_price_delete,Preço foi excluído com sucesso,
type_info,Item Tipo Informação,
type_name,Digite o nome,
type_edit,Editar Tipo,
type_add,Adicionar tipo de,
type_search,Tipo de pesquisa,
delete_type_label,Tipo de exclusão?,
type_delete_confirm_message,Você quer apagar Tipo?,
err_type_name,"Por favor, forneça nome de tipo",
err_type_len,O comprimento do nome do tipo deve ser maior que 4,
err_type_exist,Tipo Nome já está existia no sistema,
success_type_edit,Tipo foi atualizado com sucesso,
success_type_add,Tipo foi adicionado com sucesso,
success_type_delete,Tipo foi excluído com sucesso,
project_name,Tipo Nome do Projeto,
project_search,Pesquisar Tipo de projeto,
project_add,Adicionar tipo de projeto,
project_info,Tipo de projeto Informações,
project_edit,Editar tipo de projeto,
delete_project_label,Excluir tipo de projeto?,
project_delete_confirm_message,Você deseja excluir os tipos de projetos?,
project_yes_all_message,Sim All - Tipo de projeto irá eliminar a partir do sistema.,
success_project_edit,Tipo de projeto foi atualizado com sucesso,
success_project_add,Tipo de projeto foi adicionado com sucesso,
success_project_delete,Tipo de projeto foi excluído com sucesso,
err_project_name,Forneça o nome tipo de projeto,
err_project_len,O comprimento do tipo de projeto Nome deve ser maior que 4,
post_name,Postado Por Nome,
post_search,Pesquisa Postado por,
post_add,Adicionar Postado Por,
post_info,Postado Por Informações,
post_edit,Editar Postado Por,
delete_post_label,Excluir Postado por?,
post_delete_confirm_message,Você quer apagar o postado por?,
post_yes_all_message,Sim All - Postado por excluirá a partir do sistema.,
success_post_edit,Postado Por foi atualizado com sucesso,
success_post_add,Postado Por foi adicionada com sucesso,
success_post_delete,Postado por ter sido excluído com sucesso,
err_post_name,"Por favor, forneça postado por nome",
err_post_exist,Postado Por Nome já existia no sistema,
err_post_len,O comprimento Postado Por Nome deve ser maior que 4,
available_name,Nome disponibilidade,
available_search,pesquisa disponibilidade,
available_add,add Disponibilidade,
available_info,Informações disponibilidade,
available_edit,Disponibilidade de edição,
delete_available_label,Disponibilidade de exclusão?,
available_delete_confirm_message,Você quer apagar a disponibilidade?,
available_yes_all_message,Sim All - Disponibilidade excluirá a partir do sistema.,
success_available_edit,Disponibilidade foi atualizado com sucesso,
success_available_add,Disponibilidade foi adicionada com sucesso,
success_available_delete,Disponibilidade foi excluído com sucesso,
err_available_name,"Por favor, informe o nome da disponibilidade",
err_available_len,O comprimento de Disponibilidade Nome deve ser maior que 4,
err_available_exist,Disponibilidade Nome já existia no sistema,
ban_info,Banner Informação,
ban_name,Bandeira Nome da imagem,
ban_edit,Editar Banner,
ban_add,Adicionar Banner,
ban_image,banner Image,
ban_search,Pesquisar Banner,
delete_ban_label,Excluir Banner?,
ban_delete_confirm_message,Você quer apagar Banner Tipo?,
err_ban_name,"Por favor, forneça nome da bandeira casa",
err_ban_len,O comprimento do Banner Nome deve ser maior que 4,
err_ban_exist,Início Estandarte Nome já existia no sistema,
success_ban_edit,Banner foi atualizado com sucesso,
success_ban_add,Banner foi adicionada com sucesso,
success_ban_delete,Banner foi excluído com sucesso,
location_info,Informações do item Localização,
location_name,Localização Cidades Nome,
location_edit,Editar Cidade,
location_add,Adicionar Centro da cidade,
location_search,Pesquisar Cidade,
delete_location_label,Localização de exclusão?,
location_delete_confirm_message,Você quer apagar Localização?,
err_location_name,"Por favor, informe o nome da Localização",
err_location_len,O comprimento do nome do local deve ser maior que 4,
err_location_exist,Localização Nome já existia no sistema,
success_location_edit,Localização foi atualizado com sucesso,
success_location_add,Localização foi adicionada com sucesso,
success_location_delete,Localização foi excluído com sucesso,
blog_add,add Blog,
blog_info,Informações de blog,
blog_name,Blog Nome,
blog_desc,Blog Descrição,
blog_edit,Editar Blogs,
success_blog_add,Blogs foi adicionada com sucesso,
success_blog_edit,Blogs foi atualizado com sucesso,
err_dup_name,Nome já está existia no sistema,
err_blog_exist,Blog nome já está existia no sistema,
delete_blog_label,Blog de exclusão?,
blog_delete_confirm_message,Tem certeza que deseja deletar esse blog?,
success_blog_delete,Blogs foi excluído com sucesso,
err_blog_len,O comprimento do blogue Nome deve ser maior que 4,
err_blog_name,"Por favor, forneça nome do blog",
blog_search,Blog Search,
blog_gallery,Blog Galeria,
btn_disable,Desativar,
report_edit,Relatório Editar Item,
total_category_count_label,total de Categorias,
total_sub_cat_count_label,total de subcategorias,
total_blog_count_label,Blogs total,
total_contact_count_label,Total Contacto Mensagem,
popular_item,Item Mais,
item_report,item relatado,
items_label,Itens Recentemente Adicionado,
item_img,item de imagem,
popular_item_info,Informações sobre o item Popular,
popular_item_view,Ver Popular item,
app_setting_lable,App a informação da definição,
app_lat_label,Latitude,
app_lng_label,Longitude,
location_info_label,Informação local,
err_chat_history_not_exist,Nenhum registro encontrado na história do bate-papo,
accept_update_success,Aceitar a oferta foi atualizado com sucesso,
err_accept_update,"Desculpe, não é um problema em aceitar a oferta",
count_update_success,A contagem de reinicializações foi atualizado com sucesso,
err_count_update,"Desculpe, não é um problema na contagem de redefinição",
price_update_success,Preço foi atualizado com sucesso,
err_price_update,"Desculpe, não é um problema no preço",
err_accept_offer,"Desculpe, você não poderia aceitar a oferta novamente.",
overall_rating,Avaliação,
user_is_verify_do_forgot_password,"A sua conta é verificada por isso, fazer esqueci minha senha.",
user_view,Ver Usuário,
user_address,Endereço,
user_city,Cidade,
about_me,Sobre mim,
verify_type,Verifique Tipo,
follower_count,Conde seguidor,
following_count,Após Conde,
user_profile,Foto de perfil,
email_verify,e-mail Confirmar,
facebook_verify,Facebook Verifique,
google_verify,Google Verifique,
phone_verify,telefone Verifique,
condition_name,Nome condição,
cond_search,pesquisa Condição,
condition_add,Adicionar condição,
condition_info,Informações do item Condição,
cond_edit,Editar Condição,
delete_condition_label,Excluir Condição?,
condition_delete_confirm_message,Você deseja excluir as condições?,
condition_yes_all_message,Sim All - Condição e Itens excluirá a partir do sistema.,
success_condition_edit,Condição foi atualizado com sucesso,
success_condition_add,Condição foi adicionado com sucesso,
success_condition_delete,Condição foi excluído com sucesso,
err_condition_name,"Por favor, informe o nome da condição",
err_condition_len,O comprimento da Condição Nome deve ser maior que 4,
err_condition_exist,Condição Nome já existia no sistema,
cat_module,categorias,
overlooking_module,Negligenciar,
contact_module,Fale Conosco Mensagem,
sys_user_module,Usuários do sistema,
register_user_module,Usuários registrados,
about_module,Sobre o aplicativo,
push_noti_module,push Notification,
analytics_module,analítica,
export_db_module,Banco de Dados de exportação,
app_setting_module,APP Configuração,
property_module,Propriedade,
popular_property_module,A maioria Propriedade Popular,
projecttype_module,Tipos de projeto,
postedby_module,Postado por,
apikey_module,chaves de API,
apis_module,Ajuste API,
availability_module,Disponibilidade,
rating_module,A maioria dos usuários Avaliação,
sellertype_module,Tipo de Vendedor,
transmissions_module,Transmissions,
banners_module,banner,
item_conditions_module,Condição,
version_module,Versão do aplicativo,
item_currency_module,Moeda,
item_price_module,Preço,
item_type_module,Tipo,
blog_module,Blog,
item_reports_module,propriedade relatada,
app_setting_module,app Configuração,
location_module,Localização,
language_module,línguas,
lang_name,Nome do idioma,
btn_active,Ativo,
lang_string,Cordas idioma,
lang_add,Adicionar idioma,
lang_info,informações língua,
lang_symbol,Símbolo,
lang_search,pesquisa Idioma,
lang_edit,Editar Idioma,
success_lang_edit,Idioma foi atualizado com sucesso,
success_lang_add,Idioma foi adicionada com sucesso,
success_lang_delete,Idioma foi excluído com sucesso,
err_lang_name,"Por favor, forneça nome do idioma",
err_lang_len,O comprimento do Nome do Idioma deve ser maior que 4,
err_lang_exist,Nome do Idioma já existia no sistema,
delete_lang_label,Excluir idioma?,
lang_delete_confirm_message,Você quer apagar todas as cordas sob que juntos idioma?,
lang_yes_all_label,Sim Todos,
lang_no_only_label,Apenas Língua,
lang_yes_all_message,Sim All - Linguagem e Itens excluirá a partir do sistema.,
language_id,Língua,
lang_string_key,Chave,
lang_string_value,Valor,
lang_string_info,Idioma informações da cadeia,
select_language,Idioma selecionado,
btn_import,Importar,
csv_symbol_link,arquivo CSV de exemplo aqui,
lang_str_search,Cadeia de pesquisa Idioma,
success_langstr_import,Cordas linguagem com sucesso arquivo CSV carregado,
lang_str_add,Adicionar Cadeia Idioma,
lang_str_edit,Edit String Idioma,
lang_active,Ativo,
lang_deactive,Desativar,
success_lang_str_edit,Cordas linguagem foi atualizada com sucesso,
success_lang_str_add,Cordas linguagem foi adicionado com sucesso,
err_lang_str_name,"Por favor, forneça nome de cadeia idioma",
err_lang_str_len,O comprimento da corda linguagem deve ser superior a 4,
err_lang_str_exist,Cordas idioma já está existia no sistema,
lang_title,Deleted idioma?,
lang_warning,Você não pode excluir idioma ativo.,
btn_ok,Está bem,
list_lang_label,línguas,
list_lang_str_label,Cordas idioma,
err_lang_symbol,"Por favor, forneça símbolo idioma",
entry_group,Entrada,
reports_group,Relatórios,
user_mang_group,Gestão de utilizadores,
miscellaneous_group,Diversos,
setting_group,Configuração,
ple_sub_cat_name,Por favor Sub Categoria Nome,
ple_highlight_info,Por favor destacar informações,
forget_pwd,Esqueceu a senha?,
remove_label,Remover,
paid_item_module,Relatório de propriedade patrocinada,
his_info,Informações história,
start_date_label,Data de início,
end_date_label,Data final,
amount_label,Montante,
payment_method_label,Forma de pagamento,
progress_label,Progresso,
finished_label,Acabado,
not_yet_start_label,Ainda não começar,
today_label,Hoje,
backend_setting_module,backend Configuração,
backend_config_info_lable,Backend a informação da definição,
sender_name_label,Nome do remetente,
receive_email_label,Receber e-mail,
sender_email_label,Email Sender,
img_section,Seção imagem,
fcm_api_key_label,chave api FCM,
backend_login_img,Backend Entrada Imagem de Fundo,
backend_logo,Logo backend,
backend_fav_icon,Backend Fav Ico,
upload_backend_logo,Logo Carregar Backend,
upload_fav_icon,Carregar Fav Ícone,
upload_login_img,Carregar Entrada Foto,
transaction_module,História transações,
history_search,História de busca Transações,
trans_history_info,Transações Informações História,
today_label,Hoje,
second_ago,segundos,
minute_ago,minutos,
hour_ago,horas,
day_ago,dias,
week_ago,semanas,
month_ago,meses,
year_ago,anos,
decade_ago,décadas,
just_now_label,Agora mesmo,
ago_label,atrás,
user_acc_reg_label,Novo Registro de Conta de Usuário,
user_register_success_but_email_not_send,"registo de utilizador sucesso, mas email não enviar",
pwd_reset_label,Redefinição de senha,
hi_label,Oi,
pwd_reset_link,"Por favor, clique no seguinte link para redefinir sua senha",
reset_link_label,Password Reset,
best_regards_label,Cumprimentos,
new_user_acc,"Sua nova conta de usuário foi criada. Bem-vindo ao Ad House. Por favor, verificada com o código a seguir para ativar sua conta.",
verify_code_label,Código Verificado,
hi_admin_label,oi administrador,
name_label,Nome,
email_label,O email,
phone_label,telefone,
msg_label,mensagem,
verify_code_sent,O código de verificação foi enviado.,
user_id_required,ID do usuário é necessária.,
invalid_login_user_id,ID de usuário é inválido.,
already_accept_user,Usuário foi aceito.,
sender_id_required,Sender ID é necessária,
success_delete,Excluído com sucesso.,
success_cat_request,O seu pedido com sucesso.,
err_cat_request,"Desculpe, o seu pedido não o sucesso.",
err_chat_history_save,"Desculpe, seu histórico de bate-papo não é capaz de salvar.",
accept_reset_success,O seu pedido de chat com sucesso.,
error_delete_chat_history,"Desculpe, seu histórico de bate-papo não é capaz de eliminar.",
success_delete_chat_history,Seu histórico de bate-papo excluído com sucesso.,
err_soldout_reset,"Desculpe, você não pode descansar esgotado.",
soldout_reset_success,Sua redefinição tem sido sucesso.,
err_item_report,"Desculpe, você não é capaz de relatório item.",
token_already_exist,"Desculpe, dispositivo já token de existir.",
err_in_noti_read,"Desculpe, notificação não é capaz de ler.",
success_noti_send,Notificação foi enviada com sucesso.,
error_noti_send,"Desculpe, notificação não capaz de enviar.",
invalid_code,"Desculpe, seu código é inválido.",
forget_pwd,Esqueceu a senha?,
remove_label,Remover,
btn_no,Não,
ple_model_name,"Por favor, nomeie Modelo",
err_paid_item_history,Seu anúncio ainda não está terminar para que ele não é capaz de modificar.,
paid_config_module,Configuração de pagamento,
currency_symbol_label,"Símbolo de moeda (por exemplo, $)",
paypal_env_label,Paypal Ambiente,
paypal_merchant_label,Paypal Merchant ID,
paypal_pub_label,Paypal Chave Pública,
paypal_pri_label,Paypal Chave Privada,
paypal_enabled_label,Paypal está ativado?,
stripe_publishable_key,Chave publicável,
stripe_secret_key,Chave secreta,
stripe_enable_label,Está ativado Stripe pagamento?,
stripe_label,[Opção 2]: Pagamento com listra,
paypal_label,[Opção 1]: Pagamento com Paypal Ativado,
day_label,Dia,
paid_config_info_lable,Pago Informações de Configuração,
paid_currrency_setting,Símbolo Monetário Configuração,
paid_paypal_setting,Paypal Configuração,
paid_stripe_setting,Configuração da listra,
overlooking_label,Negligenciar,
itm_select_overlooking,Negligenciar,
list_product_nav,Propriedade,
prd_add,Adicionar propriedade,
att_add,Adicionar Novo Atributo,
add_att_detail,Adicionar novo detalhe Atributo,
list_attribute_header,Atributo Lista Header,
wrn_no_data,Não há dados ainda,
item_name,Nome da propriedade,
att_name,Nome do Atributo,
Prd_search_cat,Escolha um nome de categoria,
Prd_search_dis,Selecionar tipo de desconto,
product_gallery,Galeria de propriedade,
prd_info,Informação de Propriedade,
rec_prd_info,Propriedades Recentemente Adicionado,
att_info,Informações atributo,
prd_desc,Descrição da Propriedade,
prd_high_info,Informações sobre propriedade de Destaque,
prd_edit,Editar propriedade,
prd_code,Código da propriedade,
success_prd_add,Propriedade foi adicionada com sucesso,
success_prd_edit,Propriedade foi atualizado com sucesso,
success_upload,A imagem foi atualizado com sucesso,
delete_prd_label,Excluir Propriedade?,
prd_yes_all_message,"Ao eliminar esta propriedade, ele irá apagar todas as categorias sub relacionados e categoria também. Então, você ainda quer apagar",
success_prd_delete,Propriedade foi excluído com sucesso,
prd_search,pesquisa de Propriedades,
err_item_name,"Por favor, forneça o nome da propriedade",
err_item_len,O comprimento do nome da propriedade deve ser maior do que 4,
err_item_exist,Nome da propriedade já está existia no sistema,
item_gallery,Galeria de propriedade,
condition_of_item,Condição de Propriedade,
item_description_label,Descrição,
deal_option_id_label,Opção negócio,
meet_up_label,Encontro,
mailing_or_delivery_label,Divulgação ou a entrega,
brand_label,marca,
price,Preço,
itm_title_label,Título,
itm_business_mode,É Shop?,
itm_show_shop,(Se mostrar usuário pode pedir mais de um),
itm_is_sold_out,É vendido para fora?,
location_info_label,Informação local,
itm_address_label,Endereço,
itm_lat_label,Latitude,
itm_lng_label,Longitude,
itm_select_price,Select Preço Tipo,
itm_select_type,Tipo de imóvel,
itm_select_currency,Escolha Moeda Propriedade,
status_label,estado,
select_status_label,Selecione status,
itm_select_location,Selecionar Propriedade Localização,
find_location_label,Digite & Find localização do Google API,
itm_select_condition_of_item,Selecione Condição da propriedade,
itm_select_deal_option,Selecione negócio Option,
configuration_info_label,Configuração,
price_info_label,Preço,
floor_number_label,Número chão,
facing_number_label,Voltado para,
postedby_info_label,Postado por,
overlooking_label,Negligenciar,
property_status_label,Estado da propriedade,
others_label,Outras,
amenities_info_label,Facilidades,
area_info_label,Área,
super_build_up_area_label,Super construir a Área,
build_up_area_label,Construção de Área,
carpet_area_label,Área Carpet,
land_size_label,Tamanho da terra,
rooms_label,quartos,
bath_rooms_label,Banheira Quartos,
rooms_confi_label,quartos Configuração,
price_unit_label,Preço unitário,
price_note_label,preço Nota,
is_nagotiable_label,É negociável?,
floor_level_label,Térreo,
facing_label,Voltado para,
itm_select_posted,Postado por,
itm_select_overlooking,Negligenciar,
property_age_label,Age propriedade,
currently_tenanted_label,Atualmente tenanted,
itm_select_availabel,Disponibilidade,
availabel_for_label,Disponível para,
tenure_label,mandato,
construction_status_label,construção Estado,
possession_date_label,Posse,
itm_select_project,Tipo de projeto,
property_owner_label,propriedade,
developer_label,Desenvolvedor,
furnishing_label,mobiliário,
flooring_label,pavimentação,
water_source_label,Fonte de água,
width_of_facing_road_label,Largura da estrada de frente,
parking_label,Estacionamento,
power_backup_label,backup de energia,
itm_is_lift,É elevador?,
itm_is_park,É Park?,
itm_is_gymnasium,Is Gymnasium,
itm_is_swimming_pool,É Swimming Pool?,
itm_is_security_personnel,É Segurança Pessoal?,
itm_is_gas_pipeline,É Gas Pipeline?,
itm_is_club_house,É o Club House?,
itm_is_wheelchair_friendly,É amigável para cadeira de rodas?,
itm_is_pet_friendly,É animais de estimação?,
itm_is_maintenance_staff,É pessoal de manutenção?,
item_property_module,propriedade relatada,
success_backend_edit,Backend configuração foi atualizado com sucesso,
smtp_section,Configuração de SMTP,
smtp_host_label,Anfitrião SMTP,
smtp_host_placeholder,por exemplo: ssl: //smtp.hostmail.com,
smtp_port_label,SMTP Número da porta,
smtp_enable,SMTP Habilitar?,
smtp_user_label,Usuário SMTP,
smtp_pass_label,Senha SMTP,
cannot_deactive,"Desculpe, não é capaz de desativar.",
err_symbol_exist,símbolo idioma já está existia no sistema.,
success_paid_edit,configs pagos foi atualizado com sucesso,
apple_verify,Apple Verify,
policy_info,Informações da Política de Privacidade,
content_label,Conteúdo,
privacy_policy_module,Política de Privacidade,
success_policy_edit,A Política de Privacidade foi atualizada com sucesso,
success_policy_add,A Política de Privacidade foi adicionada com sucesso,
razor_label,[Opção 3]: Pagamento com navalha,
razor_key_label,Chave de navalha,
razor_enabled_label,O Razor está ativado?,
btn_promote,Promover,
prd_paid_info,Item pago Informações,
apple_verify,Apple Verify,
app_is_approval_enabled,"Aprovação Sistema On? (Se essa configuração é 'On', quando a atualização usuário novo item","que precisa aprovar ou rejeitar a partir de super administrador.)"""
approval_group,Aprovação,
pending_items_module,Itens Pendentes,
reject_items_module,Rejeitar itens,
disable_items_module,Desativar itens,
select_status,Selecione Status?,
pending_edit,Editar item pendente,
approve_message_1,Parabéns! Item aprovado (,
approve_message_2,),
disable_message_1,Desculpa! Desativar item (,
disable_message_2,),
reject_message_1,Desculpa! Rejeitar item (,
reject_message_2,),
reject_edit,Editar itens rejeitados,
disable_edit,Editar itens desativados,
noti_sent_fail,Falha ao enviar notificação por push,
noti_sent_success,Enviada com êxito a notificação por push para,
success_app_setting_edit,A configuração do aplicativo foi atualizada com sucesso,
module_group_lang,Configuração do nome do menu,
group_name,Nome do grupo de módulos,
group_icon,Ícone do grupo de módulos,
group_lang_key,Chave de idioma,
group_info,Informações do grupo de módulos,
group_search,Grupo de módulos de pesquisa,
group_add,Adicionar grupo de módulos,
success_group_edit,O grupo de módulos foi editado com sucesso,
success_group_add,O grupo de módulos foi adicionado com sucesso,
group_edit,Editar grupo de módulos,
success_group_delete,O grupo de módulos foi excluído com sucesso,
err_group_name,Forneça o grupo de módulos,
err_group_len,O comprimento do nome do grupo de módulos deve ser maior que 4,
err_group_exist,O nome do grupo de módulos já existe,
module_lang,Configuração do nome do submenu,
module_desc,Descrição,
module_ordering,Encomenda,
module_add,Adicionar módulo,
module_info,Informações do módulo,
module_name,nome do módulo,
is_show_on_menu,Mostrar no menu?,
module_lang_key,Chave de idioma do módulo,
module_select_group,Selecionar grupo de módulos,
delete_module_label,Excluir módulo?,
module_delete_confirm_message,Tem certeza de que deseja excluir este módulo?,
delete_group_label,Excluir grupo de módulos?,
group_delete_confirm_message,Tem certeza de que deseja excluir este grupo de módulos?,
err_module_name,Forneça o nome do módulo,
err_module_len,O comprimento do nome do módulo deve ser maior que 4,
err_module_exist,O nome do módulo já existe,
module_search,Nome do módulo de pesquisa,
success_module_edit,O módulo foi atualizado com sucesso.,
success_module_add,O módulo foi adicionado com sucesso.,
module_edit,Módulo de edição,
success_module_delete,O módulo foi excluído com sucesso.,
approval_yes_all_message,Você tem certeza que quer deletar?,
err_user_phone_exist,O telefone do usuário já existe.,
delete_system_user_label,Excluir usuário do sistema?,
system_user_delete_confirm_message,Tem certeza de que deseja excluir este usuário do sistema?,
loc_ordering,Encomenda,
record_not_found,10001 ## Desculpe registro não encontrado.,
no_record_pagination,10002 ## Desculpe não há mais registro no sistema.,
offline_paid_module,Solicitação de itens patrocinados offline,
offline_paid_prd_info,Informações de itens pagos offline,
offline_paid_edit,Editar Item Pago Offline,
offline_setting,Configuração offline,
offline_label,[Opção 4]: Pagamento com offline,
offline_message,mensagem,
offline_enabled_label,Está ativado off-line?,
prd_paid_info,Informação do item pago,
offline_info,Informação de pagamento offline,
offline_title_label,Título de pagamento offline,
offline_description_label,Descrição de pagamento offline,
offline_icon,Ícone de pagamento offline,
offline_search,Pesquisar pagamento offline,
offline_add,Adicionar pagamento offline,
offline_edit,Editar pagamento offline,
success_offline_edit,O pagamento offline foi atualizado com sucesso,
success_offline_add,O pagamento offline foi adicionado com sucesso,
success_offline_delete,O pagamento offline foi excluído com sucesso,
err_offline_name,Forneça título de pagamento offline,
err_offline_len,O comprimento do título do pagamento offline deve ser maior que 4,
err_offline_exist,O título offline do Paymen já existe no sistema,
delete_offline_label,Excluir pagamento offline?,
offline_delete_confirm_message,Você quer excluir todos os pagamentos offline?,
offline_yes_all_label,sim,
offline_no_only_label,Cancelar,
offline_payment,Configuração de pagamento off-line,
offline_paid_module,Solicitação de itens patrocinados offline,
img_configuration,Configuração de imagem,
land_width_label,Largura Paisagem,
potrait_height_label,Altura do Retrato,
square_label,Altura Quadrada,
err_lat,"Por favor, forneça Latitude",
err_lng,"Por favor, forneça Longitude",
err_lat_lng,Sua latitude e longitude não deve ser 0.0,
offline_yes_all_message,Você quer apagar todo o pagamento offline?,
email_verification_enabled,"-Mail de verificação Activado? (Se essa configuração é 'On' quando registo de utilizador, utilizando e-mail que irá enviar o código de verificação para o usuário de e-mail registrado.)",
user_auto_approved,Sua nova conta de usuário foi criada. Bem-vindo ao anúncio Houses.,
user_not_able_delete,"Desculpe, isso é conta do sistema para que ele não é capaz de desativar.",
success_block,Usuário foi bloqueado com sucesso.,
success_unblock,Usuário foi desbloqueado com sucesso.,
no_user_unblock,Não é possível para desbloquear o usuário.,
unable_to_report,Não é possível para relatar o item porque ele é o seu próprio item.,
success_logout,Usuário tem sido sucesso de logout.,
already_report,Você já relataram a este item,
lat_invlaid,Latitude deve estar entre -90 e 90 graus inclusive.,
lng_invlaid,Longitude deve estar entre -180 e 180 graus inclusive.,
paystack_setting,Paystack Configuração,
paystack_label,[Option 5]: Pagamento com Paystack,
paystack_key_label,Paystack Key,
paystack_enabled_label,Paystack está ativado?,
purchase_add,Adicionar produto de aplicativo,
in_app_purchase_info,Em Informações App Compradas,
app_purchase_product_id_label,Na App Purchase Produtos Id,
purchase_description_label,Descrição,
purchase_type_label,Tipo,
err_purchase_description,Forneça Descrição,
success_purchase_edit,Na App compradas foi atualizado com sucesso.,
delete_purchase_label,Excluir na App comprado?,
purchase_yes_all_message,Você quer apagar Na App comprado?,
success_purchase_delete,Na App Comprado foi excluído com sucesso.,
in_app_purchased_setting,Na App Ajuste Comprada,
purchase_key_label,Você pode fazer o pagamento com no aplicativo comprado,
purchase_enabled_label,Compra é ativado?,
err_purchase_id,Forneça Compra Id.,
btn_duplicate,Duplicada,
success_prd_duplicate_add,O item duplicado foi adicionado com sucesso,
deeplink_section,Seção Deep Linking,
dyn_link_key_label,Chave de link dinâmico,
dyn_link_url_label,URL de ligação dinâmica,
dyn_link_package_name_label,Nome do pacote de link dinâmico,
dyn_link_domain_label,Domínio de ligação dinâmica,
dyn_link_deep_url_label,URL de link direto,
prd_dynamic_link_label,Product Dynamic Link,
dyn_link_package_name_ios,ligando o nome do pacote IOS dinâmica,
dyn_link_ios_appstore_id,Dinâmica Linking IOS AppStore Id,
location_townships,Townships localização,
location_township_add,Adicionar Localização Township,
township_edit,Editar Township,
location_township_name,Localização Townships Nome,
township_name,Nome Township,
err_township_name,Por favor forneça Township Nome,
err_township_len,O comprimento de Township Nome deve ser maior do que 4,
township_search,pesquisa Township,
success_township_edit,Township foi atualizado com sucesso,
success_township_add,Township foi adicionada com sucesso,
property_by,propriedade por,
property_add,Adicionar propriedade por,
property_search,Pesquisar propriedade por,
property_info,Propriedade por informações,
property_name,Propriedade Por Nome,
success_property_add,Propriedade por foi adicionado com sucesso.,
success_property_edit,Propriedade por foi editado com sucesso.,
success_property_delete,Propriedade por foi excluído com sucesso.,
err_property_name,Forneça Propriedade Por Nome.,
err_property_len,O comprimento da Propriedade Por Nome deve ser maior que 4.,
err_property_exist,Propriedade Por Nome já foi existiu.,
delete_property_label,Excluir Propriedade por?,
property_delete_confirm_message,Você deseja excluir a propriedade por?,
property_edit,Editar propriedade por,
amenities,Facilidades,
amenity_name,Nome Amenity,
amenity_add,Adicionar Amenity,
amenity_img,Amenity imagem,
amenities_info_label,Informações Amenity,
success_amenity_add,Amenity foi adicionado com sucesso.,
success_amenity_edit,Amenity foi editado com sucesso.,
delete_amenity_label,Excluir Amenity?,
amenity_delete_confirm_message,Você quer apagar a amenidade?,
amenity_edit,Editar Amenity,
amenity_search,pesquisa Amenity,
success_amenity_delete,Amenity foi excluído com sucesso.,
color,Cor,
purchase_search,Pesquisar In App Purchase,
purchase_edit,Editar In App Purchase,
item_property_name,Propriedade Por Nome,
area_label,Área,
configuration_label,Configuração,
itm_select_property,Selecione a propriedade por,
is_negotiable,Negociável,
itm_select_location_township,Selecione Localização da Propriedade Township,
itm_select_location_city,Selecione a propriedade loction Cidade,
itm_select_postedby,Selecionar Propriedade Enviada por,
Prd_search_location_township,Selecione Localização da Propriedade Township,
data_delete_info,Supressão Informação Política de Dados,
success_data_deletion_add,Dados Política de eliminação foi adicionado com sucesso.,
success_data_deletion_edit,Dados Política de eliminação foi atualizado com sucesso.,
data_deletion_module,Política de eliminação de dados,
data_deletion_policy_url,Exclusão de dados URL Política,
Data_deletions_policies,Políticas exclusão de dados,
Privacy_policies,Políticas de privacidade,
privacy_policy_url,URL com Política de Privacidade,
total_property_count_label,Total de Propriedade por,
total_postedby_count_label,Total de Postado Por,
propertyby_img,Propriedade Por foto,
propertyby_icon,Propriedade por Ícone,
floor_label,piso nº,
owner_name,Nome do proprietário,
owner_of_item,Dono de item,
payment_status,Status do pagamento,
waiting_for_payment_label,Esperando aprovação,
paid_label,Pago,
paid_reject_label,Rejeitar,
select_payment_status_label,Etiqueta de status Select Payment,
is_sub_location,"Sub Local On? (Se essa configuração é ""On"" quando o usuário abrir o aplicativo a necessidade do usuário para escolher sub local (município) sob o local (cidade))",
thumbnail_generators_lng,thumbnail Generator,
btn_create_thumbnail,Miniatura (1x2x3x) Gerador,
thumb_1x_label,Thumbnail 1x Tamanho da Imagem,
thumb_2x_label,Thumbnail 2x Tamanho da Imagem,
thumb_3x_label,Thumbnail 3x Tamanho da Imagem,
image_lists_lng,Listas de imagem,
img_name,Nome da imagem,
success_img_create,"Thumbnail 2x, 3x foi criado com sucesso.",
img_not_exist,A imagem não existe na pasta de upload.,
recommended_size_img,Tamanho recomendado: 400 x 200,
recommended_size_icon,Tamanho recomendado: 200 x 200,
user_social_info_override,"Ignorar as informações sociais do usuário? Se marcado, as informações sociais do usuário serão sobrescritas quando fizer login com (Google, Facebook, telefone e maçã, etc ...)",
applied_date_label,Data aplicada (DD / mm / aaaa),
pending,Pendente,
verified,Verificado,
rejected,Rejeitado,
all,Tudo,
currency_info,Informação da moeda,
is_default,Predefinição,
success_agent_edit,O agente foi atualizado com sucesso,
agent_edit,Editar agente,
cannot_apply_agent,Desculpa! Você não pode aplicar agente,
app_token_label,Token de aplicativo (para foto de perfil do Facebook),
already_sold_out,O item já está esgotado e você não pode fazer oferta.,
is_show_email,Mostrar email,
is_show_phone,Mostrar o telefone,
township_success_edit,Township foi atualizado com sucesso.,
already_agent,Você não pode aplicar o agente novamente porque você já é um agente.,
agent_pending,"Você ainda está pendente, aguarde a aprovação do administrador.",
success_agent_delete,O agente foi excluído com sucesso.,
cannot_sold_out,Você não pode esgotado o item.,
cannot_chat,Você não pode conversar este item.,
you_bought,Você comprou,
item_video_label,VÍDEO DE ITEM.,
item_video_icon_label,Item icon icon.,
price_cannot_zero,O preço não pode ser zero,
err_price,"Por favor, forneça o preço do item",
deeplink_note_label,"Observação - O link dinâmico do item foi gerado por essas configurações acima. Se você deseja regenerar com a nova configuração, altere a configuração aqui:",
go_to_be_setting_label,Ir para a configuração de back-end,
thumb2x_3x_settting_off,"A configuração Criar thumbnail2x,3x está DESLIGADA.",
create_thumb2x_folder,"A pasta Thumbnail2x não existe, crie-a primeiro. Ou você pode criar configurações thumb2x,3x.",
create_thumb3x_folder,"A pasta Thumbnail3x não existe, crie-a primeiro. Ou você pode criar configurações thumb2x,3x.",
thumb2x_already_existed,A imagem já existe na pasta thumbnail2x.,
thumb3x_already_existed,A imagem já existe na pasta thumbnail3x.,
thumb2x_thumb3x_already_existed,A imagem já existia nas pastas thumbnail2x e thumbnail3x.,
thumbnail_generator_label,Ele irá gerar as imagens em miniatura para cada item. Observe que este processo levará algum tempo com base em seus dados,
is_thumb2x_3x_generate,"Thumbnail 2x,3x Configurando? (se esta configuração estiver ""Ligada"" quando você carregar a imagem, ela gerará miniaturas 2x e miniaturas 3x automaticamente.)",
err_currency_symbol,Forneça o símbolo da moeda.,
Item_currency,Moeda do item,
Image_lists,Listas de imagens,
Thumbnail_generators,Geradores de imagens,
demo_login,Faça login com uma conta demo,
need_accept_offer,Este item foi necessário para aceitar uma oferta primeiro.,
need_make_offer,Este item foi necessário para fazer uma oferta primeiro.,
already_accept_offer,Este item já foi feito uma oferta.,
already_reject_offer,Este item já foi rejeitado a oferta.,
already_rejected,Este item já foi rejeitado a oferta.,
cannot_default,"Desculpe, não é possível restaurar o padrão.",
cannot_unpublish,"Desculpe, não é possível cancelar a publicação na moeda padrão.",
approve_item,Aprovar item,
disable_item,Desativar item,
reject_item,Rejeitar item,
receive_rating_from,Receber classificação de,
verify_email_not_send_user,Não enviar confirmar email para,
need_user_bought,Este item foi necessário para comprar pelo usuário primeiro.,
csv_upload_instruction_city,"Siga os passos abaixo: <br>
1. Em seguida, prepare como o formato CSV. <a href=""https://drive.google.com/file/d/1g3T6H2cdZsGS0UlHji6_BkP_JIa1YBCy/view?usp=sharing"" target=""_blank""> amostra de arquivo csv aqui </a> <br>
2. Você pode usar o Google Sheet para criar e exportar como separador de vírgulas.",
pls_upload_csv,Faça o upload de um arquivo CSV.,
something_wrong_upload,Algo errado fazer upload do arquivo,
err_paid_adpost_history,Desculpe,
total_city,Local total da cidade:,
success_total_city,Cidade de localização de sucesso:,
fail_total_city,Cidade do local com falha:,
total_township,Município de localização total:,
success_total_township,Local de sucesso município:,
fail_total_township,Município de localização com falha:,
beacause_db_err,devido a um erro de banco de dados.,
because_miss_city,por falta de localização da cidade,
because_miss_township,por causa do município de localização ausente,
csv_upload_instruction_township,"Siga os passos abaixo: <br>
1. Em seguida, prepare como o formato CSV. <a href=""https://drive.google.com/file/d/1hkLZUDt4pxIqtfPE9k5rhzf4rhK6VJit/view?usp=sharing"" target=""_blank""> amostra de arquivo csv aqui </a> <br>
2. Você pode usar o Planilhas Google para criar e exportar como separador de vírgulas.<br>
<b>Observação: o nome da cidade a ser usado no arquivo CSV do município de localização deve ser adicionado primeiro.</b>",
because_noexit_city,o nome da cidade não existe no sistema,
item_locations,Cidade do local do item,
city_existed,já existia no sistema.,
township_existed,já existia no sistema.,
err_amenity_name,Forneça o nome da comodidade,
apply_agent_noti_approve,"Parabéns, o administrador aprovou seu agente de aplicativos.",
apply_agent_noti_reject,"Desculpe, o administrador rejeitou seu agente de aplicativos. Você pode tentar aplicar novamente.",
pkg_add,Adicionar Pacote,
pkg_search,Pacote de Pesquisa,
pkg_edit,Editar Pacote,
success_pkg_edit,O pacote foi atualizado com sucesso.,
success_pkg_add,O pacote foi adicionado com sucesso.,
success_pkg_delete,O pacote foi excluído com sucesso.,
title,Título,
pkg_info,Informação do pacote,
post_count,Contagem de publicações,
pkg_select_currency,Selecione a moeda do pacote,
err_pkg_title,Forneça o título do pacote,
err_pkg_price,Forneça o preço do pacote,
err_pkg_currency,Forneça a moeda do pacote,
err_pkg_post_count,Forneça o número de contagem de postagens,
err_pkg_exit,O nome do pacote já existe no sistema,
delete_pkg_label,Excluir pacote?,
pkg_delete_confirm_message,Tem certeza de que deseja excluir este pacote?,
pkg_yes_all_label,Sim tudo,
pkg_no_only_label,Apenas Pacote,
err_pkg_bought,Desculpe,
success_pkg_bought,Pacote comprado inserido com sucesso.,
is_paid_app,"Aplicativo pago ativado? (Se esta configuração estiver ""Ligado"", este aplicativo é limitado à postagem de anúncio do usuário)",
package_module,Pacotes,
is_subcat_subscription,"Propriedade por assinatura ativada? (Se esta configuração estiver ""Ligada"", o usuário deve poder se inscrever na propriedade.)",
err_subcat_subscibe_save,Desculpe,
err_subcat_subscibe_delete,Desculpe,
success_subcat_subscribe,Propriedade de sucesso por assinatura.,
verify_agent,Agente verificado,
rating_view,Visualizar usuário de classificação,
csv_export,Exportação CSV,
Item_reports,Itens reportados,
report_search,Pesquisar item relatado,
rating_search,Usuário de classificação de pesquisa,
discount_rate_by_percentage,Taxa de desconto por porcentagem,
item_upload_config,Configurações de upload de itens,
success_item_config_edit,A configuração de upload do item foi atualizada com sucesso,
success_item_config_add,A configuração de upload do item foi adicionada com sucesso,
item_config_label,Informações de configuração de upload de item,
is_block_user,"Recurso de bloqueio ativado? (Se esta configuração estiver ""Ativada"", o usuário poderá impedir que outros usuários indesejados vejam sua postagem de anúncio.)",
open,abrir,
in_progress,em andamento,
close,Fechar,
demo_data_delete,Exclusão de dados de demonstração,
demo_data_delete_note_label,"Nota: Todos os registros de 'usuários' serão excluídos, exceto a conta de administrador.",
success_demo_data_delete,Os dados de demonstração foram excluídos com sucesso.,
btn_submit,Enviar,
admin_pwd_label,Digite a senha do administrador,
delete_demo_data,Tem certeza de excluir todos os dados de demonstração?,
admin_confirm,Digite sua senha de administrador abaixo para confirmar essas exclusões de dados de demonstração.,
err_blank_pwd,"Por favor, preencha a senha de administrador",
err_pwd_invalid,Sua senha é invalida!,
no_messages,Nenhuma mensagem recente,
no_items,Nenhum item adicionado recentemente,
no_users,Nenhum usuário adicionado recentemente,
img_all_delete,Todas as imagens relacionadas serão excluídas,
images,Imagens,
adpost_history_search,Histórico de transações de postagem do anúncio de pesquisa,
ad_post_transactions_module,Histórico de transações de postagem de anúncios,
package_name,Nome do pacote,
buy_ad_post_transactions,Histórico de transações de postagem de anúncios,
adpost_history_view,Ver histórico de transações de publicação de anúncios,
car_type_label,Tipo de carro,
car_location_label,Localização do carro,
err_image,Forneça um upload de imagem,
unenought_post_count,Contagem de postagens insuficiente,
btn_back,Costas,
topics_fe_label,Tópicos para front-end,
deeplink_generators,Geradores de links diretos,
btn_deeplink_generator,Gerar link direto,
new_item_upload_label,Novo item carregado em,
success_deeplink_generate,Deeplink foi gerado com sucesso.,
deeplink_generator_label,Gerador de links diretos,
in_app_purchases,Pagamento no aplicativo comprado,
csv_upload_instruction_propertyby,"Siga as etapas abaixo:<br>
1. Faça upload das imagens para a pasta de uploads manualmente via FTP.<br>
2. Em seguida, prepare como o formato CSV. <a href=""https://drive.google.com/file/d/1bOy1apUDZWFbmKk2O6JAJsxHqyOkaUQJ/view?usp=sharing"" target=""_blank"">Arquivo de amostra aqui</a><br>
3. Você pode usar o Google Sheet para criar e exportar como separador de vírgulas.",
total_propertyby,Propriedade total por:,
success_propertyby,Propriedade sucedida por:,
fail_propertyby,Propriedade com falha por:,
miss_propertyby_name,por causa da propriedade ausente pelo nome,
miss_propertyby_img,por causa da propriedade ausente da imagem na pasta 'uploads'.,
miss_propertyby_icon,por causa da propriedade ausente por ícone na pasta 'uploads'.,
db_err,devido a um erro de banco de dados.,
already_existed,já existe.,
unauthorize_item_edit,Você não tem permissão para atualizar um item porque não é seu item.,
not_enought_post_count,Não há contagem de postagens suficiente.,
record_not_found,10001#Desculpe,
record_no_pagination,"10001#Desculpe, não há mais registros no sistema.",
offer_rejected,Oferta rejeitada!,
make_offer,Faça oferta!,
offer_accepted,Oferta aceita!,
image,Imagem!,
about_app,Sobre o aplicativo,
api_setting,Configuração da API,
app_setting,Configuração do aplicativo,
fail_push_devices,Falha ao empurrar todos os dispositivos Android e IOS.,
fail_push_websites,Falha ao enviar todos os sites.,
push_noti_module,Notificação push,
app_version,Versão,
err_title,"Por favor, forneça o título.",
err_title_len,O comprimento do título deve ser maior que 4.,
remove_label,Remover,
all_label,Todo,
approved_label,Aprovado,
reject_label,Rejeitar,
err_icon,"Por favor, preencha o ícone de upload.",
start_upload,Iniciar envio,
cancel_upload,Cancelar upload,
add_files,Adicionar arquivos,
btn_update,Atualizar,
err,Erro,
btn_start,Começar,
btn_close,Fechar,
category,Categoria,
added,Adicionado,
disable_label,Desativar,
waiting_approval_label,Esperando aprovação,
count,Contar,
demo_dummy_refresh_hour,"Esteja ciente de que o back-end é um modo de demonstração, portanto, todos esses dados fictícios serão atualizados a cada hora.",
sys_err_occur,Ocorreu um erro de sistema. Entre em contato com o administrador do sistema.,
registered_user,Usuário Registrado,
generate_thumbnail_label,Ele irá gerar as imagens em miniatura para cada item. Observe que esse processo levará algum tempo com base em seus dados.,
max_img_upload_of_item,Upload máximo de imagem do item,
err_max_img_blank_save,Forneça o upload máximo de imagens do item.,
err_max_img_zero_save,O upload máximo de imagens do item não pode ser zero.,
err_max_img_upload,A imagem do item é máxima.,
price_format,Formato de preço,
price_format_desc,"Você precisa alterar de acordo com o formato que você precisa (por exemplo, "",##0.00"" => 2.555,00, ""##0.00"" => 2555,00 ,"".00"" => 2555,00, "",##0"" => 2.555, "",##0,0"" => 2.555,0)",
date_format,Formato de data,
google_playstore_url,URL do Google Play Store,
apple_appstore_url,URL da App App Store,
ios_appstore_id,IOS App Store ID,
default_order_time,Tempo de ordem padrão (minutos),
fb_key,Chave do Facebook,
is_show_token_id,"ID do token ativado? (Se esta configuração estiver ""Ativada"", o usuário poderá visualizar o ID do token na configuração de notificação.)",
is_show_subcategory,"Subcategoria ativada? (Se esta configuração for ""On"", a subcategoria pode ser usada no aplicativo.)",
is_use_thumbnail_as_placeholder,"Usar miniatura como configuração de espaço reservado ativado? (Se esta configuração estiver ""Ligada"", ela carregará a imagem em miniatura primeiro e depois carregará a imagem completa. Ou se essa configuração estiver ""Desativada"", ela carregará a imagem completa diretamente e para a imagem de espaço reservado será usada a imagem de espaço reservado padrão.)",
admob_section,Configuração da AdMob,
is_show_admob,"Configuração da AdMob ativada? (Se esta configuração estiver ""Ligada"", o aplicativo exibirá anúncios.)",
lang_section,Configuração de idioma,
default_language,Idioma padrão,
exclude_language,idiomas disponíveis,
exclude_lang_desc,"(Se o idioma estiver ""Ligado"", o usuário poderá usar esse idioma no aplicativo.)",
default_currency_section,Default Currency Configuration,
default_razor_currency,Moeda padrão da navalha,
is_razor_support_multi_currency,"Razor Support Multi-Moeda Ativado? (Se esta configuração estiver ""Ligada"", você pode aceitar o pagamento com lâmina em várias moedas no aplicativo.)",
default_flutter_wave_currency,Moeda padrão do Flutterwave,
login_section,Configuração de login,
show_facebook_login,"Login do Facebook ativado? (Se esta configuração estiver ""Ligada"", os usuários podem estar logados com o Facebook.)",
show_google_login,"Login do Google ativado? (Se esta configuração estiver ""Ativada"", os usuários poderão fazer login com o Google.)",
show_phone_login,"Telefone Login Ligado? (Se esta configuração estiver ""Ligada"", os usuários poderão fazer login com um número de telefone.)",
show_main_menu,"Menu principal ativado? (Se esta configuração estiver ""Ligada"", o usuário poderá visualizar a guia ""Menu Principal"" em cada loja.)",
show_special_collections,"Coleções especiais em? (Se esta configuração estiver ""Ativada"", o usuário poderá visualizar a guia ""Ofertas especiais"" em cada loja.)",
show_featured_items,"Itens em destaque ativado? (Se esta configuração estiver ""Ligada"", o usuário poderá visualizar os ""Itens em destaque"" em cada loja.)",
show_best_choice_slider,"Melhor controle deslizante de escolha? (Se esta configuração estiver ""Ativada"" quando o usuário abrir o aplicativo, o usuário poderá visualizar as coleções de melhor escolha com a visualização do controle deslizante.)",
default_loading_limit,Limite de carregamento padrão,
category_loading_limit,Limite de carga de categoria,
recent_item_loading_limit,Limite de carregamento de item recente,
popular_item_loading_limit,Limite de carregamento de item popular,
discount_item_loading_limit,Limite de carregamento de item de desconto,
feature_item_loading_limit,Limite de carregamento do item de recurso,
block_slider_loading_limit,Limite de carregamento do controle deslizante de bloco,
follower_item_loading_limit,Limite de carregamento do item seguidor,
default_limit_section,Configuração do limite padrão,
block_item_loading_limit,Limite de carregamento de item de bloco,
date_format_desc,"DD para o dia, mm para o mês, aaaya para o ano, HH durante a hora, mm durante o minuto, SS para o segundo (por exemplo, DD-MM-AAAA, HH: mm: SS)",
app_config_info_lable,Informações de configuração móvel,
loc_section,Configuração de localização,
success_mobile_edit,A configuração móvel foi atualizada com sucesso.,
success_mobile_add,A configuração móvel foi adicionada com sucesso.,
err_default_lang,"Por favor, forneça o idioma padrão.",
err_default_loading_limit_zero,O limite de carga padrão não pode ser zero.,
err_default_loading_limit,"Por favor, forneça o limite de carga padrão.",
err_category_loading_limit,"Por favor, forneça o limite de carga da categoria",
err_category_loading_limit_zero,O limite de carga de categoria não pode ser zero.,
err_collection_product_loading_limit,"Por favor, forneça o limite de carregamento do produto de coleta.",
err_collection_product_loading_limit_zero,O limite de carga do produto da coleção não pode ser zero.,
err_discount_product_loading_limit,"Por favor, forneça o limite de carga do produto com desconto.",
err_discount_product_loading_limit_zero,O limite de carga do produto com desconto não pode ser zero.,
err_feature_product_loading_limit,"Por favor, forneça o limite de carga do produto em destaque.",
err_feature_product_loading_limit_zero,O limite de carga do produto em destaque não pode ser zero.,
err_latest_product_loading_limit,"Por favor, forneça o mais recente limite de carga do produto.",
err_latest_product_loading_limit_zero,O limite mais recente de carga do produto não pode ser zero.,
err_shop_loading_limit,"Por favor, forneça o limite de carregamento da loja.",
err_shop_loading_limit_zero,O limite de carga não pode ser zero.,
err_trending_product_loading_limit,"Por favor, forneça o limite de carregamento do produto de tendência.",
err_trending_product_loading_limit_zero,O limite de carga do produto de tendência não pode ser zero.,
err_default_order_time,"Por favor, forneça o tempo de pedido padrão.",
err_default_order_time_zero,O tempo de ordem padrão (minutos) não pode ser zero.,
err_google_playstore_url,"Por favor, forneça o URL do Google Play Store.",
err_apple_appstore_url,"Por favor, forneça a URL da App App Store.",
err_ios_appstore_id,"Por favor, forneça um ID da App Store do IOS.",
err_price_format,"Por favor, forneça o formato de preço.",
err_date_format,"Por favor, forneça o formato de data.",
err_fb_key,"Por favor, forneça uma chave do facebook.",
default_lang_select,Selecione o idioma padrão,
mobile_configs,Config.,
frontend_configs,Frontend config.,
faq_pages_label,Páginas FAQ,
terms_and_conditions_label,Termos e Condições,
is_use_googlemap,Use o Google Map On?,
item_detail_view_count_for_ads,Contagem de visualização detalhada do item para anúncios,
is_show_ads_in_item_detail,É apresentar anúncios no detalhe do item?,
after_item_count_admob_once,Após a contagem de itens Admob uma vez,
is_show_admob_inside_list,O show Admob Inside List?,
blue_mark_size,Tamanho do Bluemark,
mile,Faixa de milhas para itens mais próximos,
video_duration,Duração do vídeo (milissegundos),
image_section,Seção de imagem.,
profile_image_size,Tamanho da imagem do perfil,
upload_image_size,Upload o tamanho da imagem,
chat_image_size,Tamanho da imagem de bate-papo.,
promote_section,Promover seção,
promote_first_choice_day,Promover o dia de primeira escolha ou o dia padrão,
promote_second_choice_day,Promover o dia de segunda escolha,
promote_third_choice_day,Promover o terceiro dia de escolha,
promote_fourth_choice_day,Promover quarto dia de escolha,
no_filter_with_location_on_map,Não é filtro com localização no mapa?,
is_show_owner_info,É mostrar informações do proprietário?,
frontend_config_label,Informações do Frontend Config.,
map_key,Chave do mapa,
enable_notification,Ativar notificação?,
fcm_server_key,Chave do servidor FCM.,
firebase_web_push_key_pair,Firebase Web Push Key Par,
ad_client,Cliente do anúncio,
ad_slot,Slot de anúncios,
copy_right,Direito autoral,
google_play_url,Google Play Url.,
app_store_url,URL da App Store.,
google_setting,Setting do Google.,
app_store_setting,Configuração da App Store.,
banner_src,Banner src.,
google_map,Google Map,
open_street_map,Mapa de rua aberto,
image_limit,Limite de imagem.,
success_frontend_edit,O Frontend Config foi atualizado com sucesso.,
success_frontend_add,Frontend config foi adicionado com sucesso.,
show_user_profile,Mostrar perfil de usuário?,
is_enable_video_setting,É ativar a configuração de vídeo?,
err_map,"Por favor, forneça a chave do mapa",
err_price_format,"Por favor, forneça formato de preço",
err_fcm_server_key,"Por favor, forneça a chave do servidor FCM",
err_firebase_web_push_key_pair,"Por favor, forneça par Keybase Web Push Key",
err_ad_client,"Por favor, forneça um cliente publicitário",
err_copy_right,"Por favor, forneça cópia direita",
err_google_play_url,"Por favor, forneça o URL do Google Play",
err_ad_slot,"Por favor, forneça slot para anúncios",
err_app_store_url,"Por favor, forneça URL da App Store",
err_banner_src,"Por favor, forneça banner src",
err_block_item_loading_limit_zero,O limite de carga do item de bloco não pode ser zero,
err_block_item_loading_limit,"Por favor, forneça um item de bloco carregando",
err_follower_item_loading_limit_zero,O limite de carregamento do item seguidor não pode ser zero,
err_follower_item_loading_limit,"Por favor, forneça o limite de carga do item seguidor",
err_block_slider_loading_limit_zero,O limite de carregamento deslizante de bloco não pode ser zero,
err_feature_item_loading_limit_zero,O limite de carregamento do item de recurso não pode ser zero,
err_feature_item_loading_limit,"Por favor, forneça limite de carregamento do item de recurso",
err_discount_item_loading_limit_zero,O limite de carga do item de desconto não pode ser zero,
err_discount_item_loading_limit,"Por favor, forneça limite de carga de item de desconto",
err_popular_item_loading_limit_zero,Limite de carga de item popular não pode ser zero,
err_popular_item_loading_limit,"Por favor, forneça limite popular de carga de item",
err_recent_item_loading_limit_zero,Limite de carga de item recente não pode ser zero,
err_recent_item_loading_limit,"Por favor, forneça um limite recente de carga do item",
err_item_detail_view_count_for_ads_zero,Contagem de visualização detalhada do item para anúncios não podem ser zero,
err_item_detail_view_count_for_ads,"Por favor, forneça contagem de visualização detalhada do item para anúncios",
err_after_item_count_admob_once_zero,Após a contagem de itens Admob uma vez não pode ser zero,
err_after_item_count_admob_once,"Por favor, forneça após a contagem de itens Admob uma vez",
err_profile_image_size_zero,O tamanho da imagem do perfil não pode ser zero,
err_profile_image_size,"Por favor, forneça o tamanho da imagem de perfil",
err_upload_image_size_zero,O tamanho da imagem de upload não pode ser zero,
err_upload_image_size,"Por favor, forneça o tamanho da imagem do upload",
err_blue_mark_size_zero,O tamanho do Bluemark não pode ser zero,
err_blue_mark_size,"Por favor, forneça o tamanho do Bluemark",
err_video_duration_zero,A duração de vídeo não pode ser zero,
err_video_duration,"Por favor, forneça a duração de vídeo",
err_mile_zero,Milha não pode ser zero,
err_mile,"Por favor, forneça a milha",
err_chat_image_size_zero,O tamanho da imagem do bate-papo não pode ser zero,
err_chat_image_size,"Por favor, forneça o tamanho da imagem de bate-papo",
ad_post_type,Tipo de postagem ad,
err_ad_post_type,"Por favor, forneça o tipo de postagem do anúncio.",
select_ad_post_type,Selecione o tipo de postagem do anúncio,
err_promo_cell_blank_save,"Por favor, forneça o intervalo celular promovido no.",
err_promo_cell_zero_save,O intervalo celular promovido não. não pode ser zero.,
promo_cell_interval_no,Promovido Intervalo de Célula No.,
ad_post_section,Configuração do tipo post do anúncio,
paid_items,Itens patrocinados,
promo_cell_interval_desc,(Os anúncios patrocinados ou anúncios do Google vão mostrar em todos os x não da lista.),
offline_pkg_bought_edit,Editar pacote offline comprado,
offline_pkg_bought_search,Pesquisar pacote off-line comprado,
delete_offline_pkg_label,Excluir pacote de anúncios offline comprado?,
offline_pkg_delete_message_label,Tem certeza de que deseja excluir o pacote de anúncios offline comprado?,
offline_pkg_bought_info,Informações de compra de pacote off-line,
bought_user,Usuário comprado,
currency_label,Moeda,
success_offline_pkg_delete,O pacote de anúncios offline comprado foi excluído com sucesso.,
success_offline_pkg_edit,O pacote de anúncios offline comprado foi atualizado com sucesso.,
success_offline_pkg_add,O pacote de anúncios offline comprado foi adicionado com sucesso.,
offline_paids,Solicitação de itens patrocinados offline,
offline_ad_package_bought_request,Solicitação de compra de pacote de anúncios off-line,
err_image_limit,Forneça o limite de imagens.,
err_image_limit_zero_save,O limite de imagem não pode ser zero.,
err_block_slider_loading_limit,Forneça o limite de carregamento do controle deslizante de bloco.,
err_item_detail_view_count_for_ads,Forneça a contagem de detalhes do item para anúncios.,
err_item_detail_view_count_for_ads_zero,A contagem de detalhes do item para anúncios não pode ser zero.,
err_promote_fourth_choice_day,"Por favor, forneça promover o quarto dia de escolha.",
err_promote_fourth_choice_day_zero,A promoção do quarto dia de escolha não pode ser zero.,
err_promote_first_choice_day,"Por favor, forneça promover o primeiro dia de escolha.",
err_promote_first_choice_day_zero,A promoção no dia da primeira escolha não pode ser zero.,
err_promote_second_choice_day,"Por favor, forneça promover o segundo dia de escolha.",
err_promote_second_choice_day_zero,O dia de promoção da segunda escolha não pode ser zero.,
err_promote_third_choice_day,"Por favor, forneça promover o terceiro dia de escolha.",
err_promote_third_choice_day_zero,A promoção do terceiro dia de escolha não pode ser zero.,
success_image_reorder,A imagem foi reordenada com sucesso.,
unauthorize_reorder_img_edit,Você não tem permissão para reordenar esta imagem porque não é proprietário.,
no_transaction_yet,Você não pode exportar o arquivo CSV devido a nenhuma transação.,
err_key,"Por favor, preencha a chave.",
err_key_len,O comprimento da chave deve ser maior que 4.,
org_img_size,Tamanho da imagem original,
processing_label,Em processamento,
err_photo,Por favor Carregar Foto,
posted_by_loading_limit,Postado por Limite de Carregamento,
amenities_loading_limit,Limite de carregamento de comodidades,
agent_loading_limit,Limite de carregamento do agente,
err_posted_by_loading_limit_zero,O limite postado por carregamento não pode ser zero.,
err_posted_by_loading_limit,"Por favor, forneça postado por limite de carregamento.",
err_agent_loading_limit_zero,O limite de carregamento do agente não pode ser zero.,
err_agent_loading_limit,Forneça o limite de carregamento do agente.,
err_amenities_loading_limit_zero,O limite de carregamento de amenidades não pode ser zero.,
err_amenities_loading_limit,Forneça o limite de carregamento de comodidades.,
package_app_purchase_product_id_label,ID do produto de compras do pacote no aplicativo,
package_purchase_type_label,Tipo de compras de pacote no aplicativo,
is_force_login,"O login forçado está ativado? (Se esta configuração estiver ""Ativada"", quando o aplicativo for iniciado, o usuário deverá fazer login primeiro.)",
is_language_config,"A configuração de idioma está ativada? (Se esta configuração estiver ""Ligada"", quando o aplicativo iniciar, o usuário deverá selecionar o idioma.)",
sold_out_items,Itens Esgotados,
sold_out_items_module,Itens Esgotados,
sold_out_item_view,Ver itens vendidos,
price_pkg_desc,(O campo de preço é usado apenas para outros pagamentos além do IAP (no aplicativo comprado).),
currency_pkg_desc,(O campo de moeda é usado apenas para outros pagamentos além do IAP (no aplicativo comprado).),
languages,línguas,
dashboard_label,Painel,
item_location_cities,Local do item Cidades,
item location cities,Local do item Cidades,
item_location_townships,Local do item Municípios,
item location townships,Local do item Municípios,
packages,Pacotes,
posted by,Postado por,
property by,Propriedade por,
items,Itens,
posted_by,Postado por,
property_by,Propriedade por,
item price types,Tipos de preço de item,
item_price_types,Tipos de preço de item,
paid items,Relatório de propriedade patrocinada,
blogs,Blogues,
pendings,Pendentes,
rejects,Rejeições,
disables,Desativa,
agents,Aplicar listas de agentes,
offline paids,Solicitação de itens patrocinados offline,
offline_paids,Solicitação de itens patrocinados offline,
most popular items,Itens mais populares,
most_popular_items,Itens mais populares,
view,Visão,
ratings,Classificações,
contacts,Contatos,
item_report,Relatório de itens,
item report,Relatório de itens,
transactions,Transações,
date,Encontro,
users,Usuários,
notis,Notis,
deeplink generators,Geradores de links diretos,
api_keys,Chaves de API,
api keys,Chaves de API,
appsettings,Configurações do aplicativo,
versions,Versões,
abouts,Sobre,
item_upload_configs,Configuração de upload de item,
privacy policies,Políticas de privacidade,
privacy_policies,Políticas de privacidade,
data_deletion_policies,Políticas de exclusão de dados,
data deletion policies,Políticas de exclusão de dados,
topic_label,Tema,
backend_config,Configuração de back-end,
backend config,Configuração de back-end,
paid configs,Configuração de pagamento,
offline payments,Configuração de pagamentos offline,
offline_payments,Configuração de pagamentos off-line,
in app purchase,Na compra do aplicativo,
in_app_purchase,Na compra do aplicativo,
module_groups,Configuração do nome do menu,
module groups,Configuração do nome do menu,
modules,Configuração do nome do submenu,